Workbook

Sheet Dashboard
B5: Latest Month | E5: Top Broad Category | H5: Peak YoY Inflation Year
B6: 45047 | E6: Pan/Tobacco | H6: 2022
B7: Final month used for analysis | E7: Highest Contribution In latest month | H7: Highest average inflation in the series
B9: Highest Food Inflation Month | E9: Strongest Oil Linkage Category | H9: COVID Benchmark
B10: 44986 | E10: Transport | H10: 43891
B11: Within 12 months ending May 2023 | E11: Highest correlation with Fuel proxy | H11: First Lockdown onset month
A104: Source: Government of India CPI dataset. Dashboard prepared from workbook analysis.

Sheet Raw Data
A1: Sector | B1: Year | C1: Month | D1: Cereals and products | E1: Meat and fish | F1: Egg | G1: Milk and products | H1: Oils and fats | I1: Fruits | J1: Vegetables | K1: Pulses and products | L1: Sugar and Confectionery | M1: Spices | N1: Non-alcoholic beverages | O1: Prepared meals, snacks, sweets etc. | P1: Food and beverages | Q1: Pan, tobacco and intoxicants | R1: Clothing | S1: Footwear | T1: Clothing and footwear | U1: Housing | V1: Fuel and light | W1: Household goods and services | X1: Health | Y1: Transport and communication | Z1: Recreation and amusement | AA1: Education | AB1: Personal care and effects | AC1: Miscellaneous | AD1: General index
A2: Rural | B2: 2013 | C2: January | D2: 107.5 | E2: 106.3 | F2: 108.1 | G2: 104.9 | H2: 106.1 | I2: 103.9 | J2: 101.9 | K2: 106.1 | L2: 106.8 | M2: 103.1 | N2: 104.8 | O2: 106.7 | P2: 105.5 | Q2: 105.1 | R2: 106.5 | S2: 105.8 | T2: 106.4 | U2: NA | V2: 105.5 | W2: 104.8 | X2: 104 | Y2: 103.3 | Z2: 103.4 | AA2: 103.8 | AB2: 104.7 | AC2: 104 | AD2: 105.1
A3: Urban | B3: 2013 | C3: January | D3: 110.5 | E3: 109.1 | F3: 113 | G3: 103.6 | H3: 103.4 | I3: 102.3 | J3: 102.9 | K3: 105.8 | L3: 105.1 | M3: 101.8 | N3: 105.1 | O3: 107.9 | P3: 105.9 | Q3: 105.2 | R3: 105.9 | S3: 105 | T3: 105.8 | U3: 100.3 | V3: 105.4 | W3: 104.8 | X3: 104.1 | Y3: 103.2 | Z3: 102.9 | AA3: 103.5 | AB3: 104.3 | AC3: 103.7 | AD3: 104
A4: Rural+Urban | B4: 2013 | C4: January | D4: 108.4 | E4: 107.3 | F4: 110 | G4: 104.4 | H4: 105.1 | I4: 103.2 | J4: 102.2 | K4: 106 | L4: 106.2 | M4: 102.7 | N4: 104.9 | O4: 107.3 | P4: 105.6 | Q4: 105.1 | R4: 106.3 | S4: 105.5 | T4: 106.2 | U4: 100.3 | V4: 105.5 | W4: 104.8 | X4: 104 | Y4: 103.2 | Z4: 103.1 | AA4: 103.6 | AB4: 104.5 | AC4: 103.9 | AD4: 104.6
A5: Rural | B5: 2013 | C5: February | D5: 109.2 | E5: 108.7 | F5: 110.2 | G5: 105.4 | H5: 106.7 | I5: 104 | J5: 102.4 | K5: 105.9 | L5: 105.7 | M5: 103.1 | N5: 105.1 | O5: 107.7 | P5: 106.3 | Q5: 105.6 | R5: 107.1 | S5: 106.3 | T5: 107 | U5: NA | V5: 106.2 | W5: 105.2 | X5: 104.4 | Y5: 103.9 | Z5: 104 | AA5: 104.1 | AB5: 104.6 | AC5: 104.4 | AD5: 105.8
A6: Urban | B6: 2013 | C6: February | D6: 112.9 | E6: 112.9 | F6: 116.9 | G6: 104 | H6: 103.5 | I6: 103.1 | J6: 104.9 | K6: 104.1 | L6: 103.8 | M6: 102.3 | N6: 106 | O6: 109 | P6: 107.2 | Q6: 106 | R6: 106.6 | S6: 105.5 | T6: 106.4 | U6: 100.4 | V6: 105.7 | W6: 105.2 | X6: 104.7 | Y6: 104.4 | Z6: 103.3 | AA6: 103.7 | AB6: 104.3 | AC6: 104.3 | AD6: 104.7
A7: Rural+Urban | B7: 2013 | C7: February | D7: 110.4 | E7: 110.2 | F7: 112.8 | G7: 104.9 | H7: 105.5 | I7: 103.6 | J7: 103.2 | K7: 105.3 | L7: 105.1 | M7: 102.8 | N7: 105.5 | O7: 108.3 | P7: 106.6 | Q7: 105.7 | R7: 106.9 | S7: 106 | T7: 106.8 | U7: 100.4 | V7: 106 | W7: 105.2 | X7: 104.5 | Y7: 104.2 | Z7: 103.6 | AA7: 103.9 | AB7: 104.5 | AC7: 104.4 | AD7: 105.3
A8: Rural | B8: 2013 | C8: March | D8: 110.2 | E8: 108.8 | F8: 109.9 | G8: 105.6 | H8: 106.2 | I8: 105.7 | J8: 101.4 | K8: 105.7 | L8: 105 | M8: 103.3 | N8: 105.6 | O8: 108.2 | P8: 106.6 | Q8: 106.5 | R8: 107.6 | S8: 106.8 | T8: 107.5 | U8: NA | V8: 106.1 | W8: 105.6 | X8: 104.7 | Y8: 104.6 | Z8: 104 | AA8: 104.3 | AB8: 104.3 | AC8: 104.6 | AD8: 106
A9: Urban | B9: 2013 | C9: March | D9: 113.9 | E9: 111.4 | F9: 113.2 | G9: 104.3 | H9: 102.7 | I9: 104.9 | J9: 103.8 | K9: 103.5 | L9: 102.6 | M9: 102.4 | N9: 107 | O9: 109.8 | P9: 107.3 | Q9: 106.8 | R9: 107.2 | S9: 106 | T9: 107 | U9: 100.4 | V9: 106 | W9: 105.7 | X9: 105.2 | Y9: 105.5 | Z9: 103.5 | AA9: 103.8 | AB9: 104.2 | AC9: 104.9 | AD9: 105
A10: Rural+Urban | B10: 2013 | C10: March | D10: 111.4 | E10: 109.7 | F10: 111.2 | G10: 105.1 | H10: 104.9 | I10: 105.3 | J10: 102.2 | K10: 105 | L10: 104.2 | M10: 103 | N10: 106.2 | O10: 108.9 | P10: 106.9 | Q10: 106.6 | R10: 107.4 | S10: 106.5 | T10: 107.3 | U10: 100.4 | V10: 106.1 | W10: 105.6 | X10: 104.9 | Y10: 105.1 | Z10: 103.7 | AA10: 104 | AB10: 104.3 | AC10: 104.7 | AD10: 105.5
A11: Rural | B11: 2013 | C11: April | D11: 110.2 | E11: 109.5 | F11: 106.9 | G11: 106.3 | H11: 105.7 | I11: 108.3 | J11: 103.4 | K11: 105.7 | L11: 104.2 | M11: 103.2 | N11: 106.5 | O11: 108.8 | P11: 107.1 | Q11: 107.1 | R11: 108.1 | S11: 107.4 | T11: 108 | U11: NA | V11: 106.5 | W11: 106.1 | X11: 105.1 | Y11: 104.4 | Z11: 104.5 | AA11: 104.8 | AB11: 102.7 | AC11: 104.6 | AD11: 106.4
A12: Urban | B12: 2013 | C12: April | D12: 114.6 | E12: 113.4 | F12: 106 | G12: 104.7 | H12: 102.1 | I12: 109.5 | J12: 109.7 | K12: 104.6 | L12: 102 | M12: 103.5 | N12: 108.2 | O12: 110.6 | P12: 108.8 | Q12: 108.5 | R12: 107.9 | S12: 106.4 | T12: 107.7 | U12: 100.5 | V12: 106.4 | W12: 106.5 | X12: 105.7 | Y12: 105 | Z12: 104 | AA12: 105.2 | AB12: 103.2 | AC12: 105.1 | AD12: 105.7
A13: Rural+Urban | B13: 2013 | C13: April | D13: 111.6 | E13: 110.9 | F13: 106.6 | G13: 105.7 | H13: 104.4 | I13: 108.9 | J13: 105.5 | K13: 105.3 | L13: 103.5 | M13: 103.3 | N13: 107.2 | O13: 109.6 | P13: 107.7 | Q13: 107.5 | R13: 108 | S13: 107 | T13: 107.9 | U13: 100.5 | V13: 106.5 | W13: 106.3 | X13: 105.3 | Y13: 104.7 | Z13: 104.2 | AA13: 105 | AB13: 102.9 | AC13: 104.8 | AD13: 106.1
A14: Rural | B14: 2013 | C14: May | D14: 110.9 | E14: 109.8 | F14: 105.9 | G14: 107.5 | H14: 105.3 | I14: 108.1 | J14: 107.3 | K14: 106.1 | L14: 103.7 | M14: 104 | N14: 107.4 | O14: 109.9 | P14: 108.1 | Q14: 108.1 | R14: 108.8 | S14: 107.9 | T14: 108.6 | U14: NA | V14: 107.5 | W14: 106.8 | X14: 105.7 | Y14: 104.1 | Z14: 105 | AA14: 105.5 | AB14: 102.1 | AC14: 104.8 | AD14: 107.2
A15: Urban | B15: 2013 | C15: May | D15: 115.4 | E15: 114.2 | F15: 102.7 | G15: 105.5 | H15: 101.5 | I15: 110.6 | J15: 123.7 | K15: 105.2 | L15: 101.9 | M15: 105 | N15: 109.1 | O15: 111.3 | P15: 111.1 | Q15: 109.8 | R15: 108.5 | S15: 106.7 | T15: 108.3 | U15: 100.5 | V15: 107.2 | W15: 107.1 | X15: 106.2 | Y15: 103.9 | Z15: 104.6 | AA15: 105.7 | AB15: 102.6 | AC15: 104.9 | AD15: 106.6
A16: Rural+Urban | B16: 2013 | C16: May | D16: 112.3 | E16: 111.3 | F16: 104.7 | G16: 106.8 | H16: 103.9 | I16: 109.3 | J16: 112.9 | K16: 105.8 | L16: 103.1 | M16: 104.3 | N16: 108.1 | O16: 110.5 | P16: 109.2 | Q16: 108.6 | R16: 108.7 | S16: 107.4 | T16: 108.5 | U16: 100.5 | V16: 107.4 | W16: 106.9 | X16: 105.9 | Y16: 104 | Z16: 104.8 | AA16: 105.6 | AB16: 102.3 | AC16: 104.8 | AD16: 106.9
A17: Rural | B17: 2013 | C17: June | D17: 112.3 | E17: 112.1 | F17: 108.1 | G17: 108.3 | H17: 105.9 | I17: 109.2 | J17: 118 | K17: 106.8 | L17: 104.1 | M17: 105.4 | N17: 108.2 | O17: 111 | P17: 110.6 | Q17: 109 | R17: 109.7 | S17: 108.8 | T17: 109.5 | U17: NA | V17: 108.5 | W17: 107.5 | X17: 106.3 | Y17: 105 | Z17: 105.6 | AA17: 106.5 | AB17: 102.5 | AC17: 105.5 | AD17: 108.9
A18: Urban | B18: 2013 | C18: June | D18: 117 | E18: 120.1 | F18: 112.5 | G18: 107.3 | H18: 101.3 | I18: 112.4 | J18: 143.6 | K18: 105.4 | L18: 101.4 | M18: 106.4 | N18: 110 | O18: 112.2 | P18: 115 | Q18: 110.9 | R18: 109.2 | S18: 107.2 | T18: 108.9 | U18: 106.6 | V18: 108 | W18: 107.7 | X18: 106.5 | Y18: 105.2 | Z18: 105.2 | AA18: 108.1 | AB18: 103.3 | AC18: 106.1 | AD18: 109.7
A19: Rural+Urban | B19: 2013 | C19: June | D19: 113.8 | E19: 114.9 | F19: 109.8 | G19: 107.9 | H19: 104.2 | I19: 110.7 | J19: 126.7 | K19: 106.3 | L19: 103.2 | M19: 105.7 | N19: 109 | O19: 111.6 | P19: 112.2 | Q19: 109.5 | R19: 109.5 | S19: 108.1 | T19: 109.3 | U19: 106.6 | V19: 108.3 | W19: 107.6 | X19: 106.4 | Y19: 105.1 | Z19: 105.4 | AA19: 107.4 | AB19: 102.8 | AC19: 105.8 | AD19: 109.3
A20: Rural | B20: 2013 | C20: July | D20: 113.4 | E20: 114.9 | F20: 110.5 | G20: 109.3 | H20: 106.2 | I20: 110.3 | J20: 129.2 | K20: 107.1 | L20: 104.3 | M20: 106.4 | N20: 109.1 | O20: 112.1 | P20: 113.1 | Q20: 109.8 | R20: 110.5 | S20: 109.5 | T20: 110.3 | U20: NA | V20: 109.5 | W20: 108.3 | X20: 106.9 | Y20: 106.8 | Z20: 106.4 | AA20: 107.8 | AB20: 102.5 | AC20: 106.5 | AD20: 110.7
A21: Urban | B21: 2013 | C21: July | D21: 117.8 | E21: 119.2 | F21: 114 | G21: 108.3 | H21: 101.1 | I21: 113.2 | J21: 160.9 | K21: 105.1 | L21: 101.3 | M21: 107.5 | N21: 110.4 | O21: 113.1 | P21: 117.5 | Q21: 111.7 | R21: 109.8 | S21: 107.8 | T21: 109.5 | U21: 107.7 | V21: 108.6 | W21: 108.1 | X21: 107.1 | Y21: 107.3 | Z21: 105.9 | AA21: 110.1 | AB21: 103.2 | AC21: 107.3 | AD21: 111.4
A22: Rural+Urban | B22: 2013 | C22: July | D22: 114.8 | E22: 116.4 | F22: 111.9 | G22: 108.9 | H22: 104.3 | I22: 111.7 | J22: 140 | K22: 106.4 | L22: 103.3 | M22: 106.8 | N22: 109.6 | O22: 112.6 | P22: 114.7 | Q22: 110.3 | R22: 110.2 | S22: 108.8 | T22: 110 | U22: 107.7 | V22: 109.2 | W22: 108.2 | X22: 107 | Y22: 107.1 | Z22: 106.1 | AA22: 109.1 | AB22: 102.8 | AC22: 106.9 | AD22: 111
A23: Rural | B23: 2013 | C23: August | D23: 114.3 | E23: 115.4 | F23: 111.1 | G23: 110 | H23: 106.4 | I23: 110.8 | J23: 138.9 | K23: 107.4 | L23: 104.1 | M23: 106.9 | N23: 109.7 | O23: 112.6 | P23: 114.9 | Q23: 110.7 | R23: 111.3 | S23: 110.2 | T23: 111.1 | U23: NA | V23: 109.9 | W23: 108.7 | X23: 107.5 | Y23: 107.8 | Z23: 106.8 | AA23: 108.7 | AB23: 105 | AC23: 107.5 | AD23: 112.1
A24: Urban | B24: 2013 | C24: August | D24: 118.3 | E24: 120.4 | F24: 112.7 | G24: 108.9 | H24: 101.1 | I24: 108.7 | J24: 177 | K24: 104.7 | L24: 101 | M24: 108.5 | N24: 110.9 | O24: 114.3 | P24: 119.6 | Q24: 112.4 | R24: 110.6 | S24: 108.3 | T24: 110.2 | U24: 108.9 | V24: 109.3 | W24: 108.7 | X24: 107.6 | Y24: 108.1 | Z24: 106.5 | AA24: 110.8 | AB24: 106 | AC24: 108.3 | AD24: 112.7
A25: Rural+Urban | B25: 2013 | C25: August | D25: 115.6 | E25: 117.2 | F25: 111.7 | G25: 109.6 | H25: 104.5 | I25: 109.8 | J25: 151.8 | K25: 106.5 | L25: 103.1 | M25: 107.4 | N25: 110.2 | O25: 113.4 | P25: 116.6 | Q25: 111.2 | R25: 111 | S25: 109.4 | T25: 110.7 | U25: 108.9 | V25: 109.7 | W25: 108.7 | X25: 107.5 | Y25: 108 | Z25: 106.6 | AA25: 109.9 | AB25: 105.4 | AC25: 107.9 | AD25: 112.4
A26: Rural | B26: 2013 | C26: September | D26: 115.4 | E26: 115.7 | F26: 111.7 | G26: 111 | H26: 107.4 | I26: 110.9 | J26: 154 | K26: 108.1 | L26: 104.2 | M26: 107.9 | N26: 110.4 | O26: 114 | P26: 117.8 | Q26: 111.7 | R26: 112.7 | S26: 111.4 | T26: 112.5 | U26: NA | V26: 111.1 | W26: 109.6 | X26: 108.3 | Y26: 109.3 | Z26: 107.7 | AA26: 109.8 | AB26: 106.7 | AC26: 108.7 | AD26: 114.2
A27: Urban | B27: 2013 | C27: September | D27: 118.6 | E27: 119.1 | F27: 113.2 | G27: 109.6 | H27: 101.7 | I27: 103.2 | J27: 174.3 | K27: 105.1 | L27: 100.8 | M27: 109.1 | N27: 111.1 | O27: 115.4 | P27: 119.2 | Q27: 112.9 | R27: 111.4 | S27: 109 | T27: 111.1 | U27: 109.7 | V27: 109.5 | W27: 109.6 | X27: 107.9 | Y27: 110.4 | Z27: 107.4 | AA27: 111.2 | AB27: 106.9 | AC27: 109.4 | AD27: 113.2
A28: Rural+Urban | B28: 2013 | C28: September | D28: 116.4 | E28: 116.9 | F28: 112.3 | G28: 110.5 | H28: 105.3 | I28: 107.3 | J28: 160.9 | K28: 107.1 | L28: 103.1 | M28: 108.3 | N28: 110.7 | O28: 114.6 | P28: 118.3 | Q28: 112 | R28: 112.2 | S28: 110.4 | T28: 111.9 | U28: 109.7 | V28: 110.5 | W28: 109.6 | X28: 108.1 | Y28: 109.9 | Z28: 107.5 | AA28: 110.6 | AB28: 106.8 | AC28: 109 | AD28: 113.7
A29: Rural | B29: 2013 | C29: October | D29: 116.3 | E29: 115.4 | F29: 112.6 | G29: 111.7 | H29: 107.7 | I29: 113.2 | J29: 164.9 | K29: 108.3 | L29: 103.9 | M29: 108.2 | N29: 111.1 | O29: 114.9 | P29: 119.8 | Q29: 112.2 | R29: 113.6 | S29: 112.3 | T29: 113.4 | U29: NA | V29: 111.6 | W29: 110.4 | X29: 108.9 | Y29: 109.3 | Z29: 108.3 | AA29: 110.2 | AB29: 107.5 | AC29: 109.1 | AD29: 115.5
A30: Urban | B30: 2013 | C30: October | D30: 118.9 | E30: 118.1 | F30: 114.5 | G30: 110.4 | H30: 102.3 | I30: 106.2 | J30: 183.5 | K30: 105.3 | L30: 100.2 | M30: 109.6 | N30: 111.4 | O30: 116 | P30: 120.8 | Q30: 113.5 | R30: 112.5 | S30: 109.7 | T30: 112 | U30: 110.5 | V30: 109.7 | W30: 110.2 | X30: 108.2 | Y30: 109.7 | Z30: 108 | AA30: 111.3 | AB30: 107.3 | AC30: 109.4 | AD30: 114
A31: Rural+Urban | B31: 2013 | C31: October | D31: 117.1 | E31: 116.3 | F31: 113.3 | G31: 111.2 | H31: 105.7 | I31: 109.9 | J31: 171.2 | K31: 107.3 | L31: 102.7 | M31: 108.7 | N31: 111.2 | O31: 115.4 | P31: 120.2 | Q31: 112.5 | R31: 113.2 | S31: 111.2 | T31: 112.8 | U31: 110.5 | V31: 110.9 | W31: 110.3 | X31: 108.6 | Y31: 109.5 | Z31: 108.1 | AA31: 110.8 | AB31: 107.4 | AC31: 109.2 | AD31: 114.8
A32: Rural | B32: 2013 | C32: November | D32: 117.3 | E32: 114.9 | F32: 116.2 | G32: 112.8 | H32: 108.9 | I32: 116.6 | J32: 178.1 | K32: 109.1 | L32: 103.6 | M32: 109 | N32: 111.8 | O32: 116 | P32: 122.5 | Q32: 112.8 | R32: 114.6 | S32: 113.1 | T32: 114.4 | U32: NA | V32: 112.6 | W32: 111.3 | X32: 109.7 | Y32: 109.6 | Z32: 108.7 | AA32: 111 | AB32: 108.2 | AC32: 109.8 | AD32: 117.4
A33: Urban | B33: 2013 | C33: November | D33: 119.8 | E33: 116.3 | F33: 122.6 | G33: 112 | H33: 103.2 | I33: 110 | J33: 192.8 | K33: 106.3 | L33: 99.5 | M33: 110.3 | N33: 111.8 | O33: 117.1 | P33: 122.9 | Q33: 114.1 | R33: 113.5 | S33: 110.3 | T33: 113 | U33: 111.1 | V33: 110 | W33: 110.9 | X33: 108.6 | Y33: 109.5 | Z33: 108.5 | AA33: 111.3 | AB33: 107.9 | AC33: 109.6 | AD33: 115
A34: Rural+Urban | B34: 2013 | C34: November | D34: 118.1 | E34: 115.4 | F34: 118.7 | G34: 112.5 | H34: 106.8 | I34: 113.5 | J34: 183.1 | K34: 108.2 | L34: 102.2 | M34: 109.4 | N34: 111.8 | O34: 116.5 | P34: 122.6 | Q34: 113.1 | R34: 114.2 | S34: 111.9 | T34: 113.8 | U34: 111.1 | V34: 111.6 | W34: 111.1 | X34: 109.3 | Y34: 109.5 | Z34: 108.6 | AA34: 111.2 | AB34: 108.1 | AC34: 109.7 | AD34: 116.3
A35: Rural | B35: 2013 | C35: December | D35: 118.4 | E35: 115.9 | F35: 120.4 | G35: 113.8 | H35: 109.5 | I35: 115.5 | J35: 145.7 | K35: 109.5 | L35: 102.9 | M35: 109.8 | N35: 112.1 | O35: 116.8 | P35: 118.7 | Q35: 113.6 | R35: 115.8 | S35: 114 | T35: 115.5 | U35: NA | V35: 112.8 | W35: 112.1 | X35: 110.1 | Y35: 109.9 | Z35: 109.2 | AA35: 111.6 | AB35: 108.1 | AC35: 110.1 | AD35: 115.5
A36: Urban | B36: 2013 | C36: December | D36: 120.5 | E36: 118.1 | F36: 128.5 | G36: 112.8 | H36: 103.4 | I36: 110.7 | J36: 144.8 | K36: 107.1 | L36: 98.6 | M36: 111.9 | N36: 112.1 | O36: 118.1 | P36: 117.8 | Q36: 115 | R36: 114.2 | S36: 110.9 | T36: 113.7 | U36: 110.7 | V36: 110.4 | W36: 111.3 | X36: 109 | Y36: 109.7 | Z36: 108.9 | AA36: 111.4 | AB36: 107.7 | AC36: 109.8 | AD36: 113.3
A37: Rural+Urban | B37: 2013 | C37: December | D37: 119.1 | E37: 116.7 | F37: 123.5 | G37: 113.4 | H37: 107.3 | I37: 113.3 | J37: 145.4 | K37: 108.7 | L37: 101.5 | M37: 110.5 | N37: 112.1 | O37: 117.4 | P37: 118.4 | Q37: 114 | R37: 115.2 | S37: 112.7 | T37: 114.8 | U37: 110.7 | V37: 111.9 | W37: 111.7 | X37: 109.7 | Y37: 109.8 | Z37: 109 | AA37: 111.5 | AB37: 107.9 | AC37: 110 | AD37: 114.5
A38: Rural | B38: 2014 | C38: January | D38: 118.9 | E38: 117.1 | F38: 120.5 | G38: 114.4 | H38: 109 | I38: 115.5 | J38: 123.9 | K38: 109.6 | L38: 101.8 | M38: 110.2 | N38: 112.4 | O38: 117.3 | P38: 116 | Q38: 114 | R38: 116.5 | S38: 114.5 | T38: 116.2 | U38: NA | V38: 113 | W38: 112.6 | X38: 110.6 | Y38: 110.5 | Z38: 109.6 | AA38: 111.8 | AB38: 108.3 | AC38: 110.6 | AD38: 114.2
A39: Urban | B39: 2014 | C39: January | D39: 121.2 | E39: 122 | F39: 129.9 | G39: 113.6 | H39: 102.9 | I39: 112.1 | J39: 118.9 | K39: 107.5 | L39: 96.9 | M39: 112.7 | N39: 112.1 | O39: 119 | P39: 115.5 | Q39: 115.7 | R39: 114.8 | S39: 111.3 | T39: 114.3 | U39: 111.6 | V39: 111 | W39: 111.9 | X39: 109.7 | Y39: 110.8 | Z39: 109.8 | AA39: 111.5 | AB39: 108 | AC39: 110.5 | AD39: 112.9
A40: Rural+Urban | B40: 2014 | C40: January | D40: 119.6 | E40: 118.8 | F40: 124.1 | G40: 114.1 | H40: 106.8 | I40: 113.9 | J40: 122.2 | K40: 108.9 | L40: 100.2 | M40: 111 | N40: 112.3 | O40: 118.1 | P40: 115.8 | Q40: 114.5 | R40: 115.8 | S40: 113.2 | T40: 115.4 | U40: 111.6 | V40: 112.2 | W40: 112.3 | X40: 110.3 | Y40: 110.7 | Z40: 109.7 | AA40: 111.6 | AB40: 108.2 | AC40: 110.6 | AD40: 113.6
A41: Rural | B41: 2014 | C41: February | D41: 119.4 | E41: 117.7 | F41: 121.2 | G41: 115 | H41: 109 | I41: 116.6 | J41: 116 | K41: 109.8 | L41: 101.1 | M41: 110.4 | N41: 112.9 | O41: 117.8 | P41: 115.3 | Q41: 114.2 | R41: 117.1 | S41: 114.5 | T41: 116.7 | U41: NA | V41: 113.2 | W41: 112.9 | X41: 110.9 | Y41: 110.8 | Z41: 109.9 | AA41: 112 | AB41: 108.7 | AC41: 110.9 | AD41: 114
A42: Urban | B42: 2014 | C42: February | D42: 121.9 | E42: 122 | F42: 124.5 | G42: 115.2 | H42: 102.5 | I42: 114.1 | J42: 111.5 | K42: 108.2 | L42: 95.4 | M42: 113.5 | N42: 112.1 | O42: 119.9 | P42: 115.2 | Q42: 116.2 | R42: 115.3 | S42: 111.7 | T42: 114.7 | U42: 112.5 | V42: 111.1 | W42: 112.6 | X42: 110.4 | Y42: 111.3 | Z42: 110.3 | AA42: 111.6 | AB42: 108.7 | AC42: 111 | AD42: 113.1
A43: Rural+Urban | B43: 2014 | C43: February | D43: 120.2 | E43: 119.2 | F43: 122.5 | G43: 115.1 | H43: 106.6 | I43: 115.4 | J43: 114.5 | K43: 109.3 | L43: 99.2 | M43: 111.4 | N43: 112.6 | O43: 118.8 | P43: 115.3 | Q43: 114.7 | R43: 116.4 | S43: 113.3 | T43: 115.9 | U43: 112.5 | V43: 112.4 | W43: 112.8 | X43: 110.7 | Y43: 111.1 | Z43: 110.1 | AA43: 111.8 | AB43: 108.7 | AC43: 110.9 | AD43: 113.6
A44: Rural | B44: 2014 | C44: March | D44: 120.1 | E44: 118.1 | F44: 120.7 | G44: 116.1 | H44: 109.3 | I44: 119.6 | J44: 117.9 | K44: 110.2 | L44: 101.2 | M44: 110.7 | N44: 113 | O44: 118.3 | P44: 116.2 | Q44: 114.6 | R44: 117.5 | S44: 114.9 | T44: 117.2 | U44: NA | V44: 113.4 | W44: 113.4 | X44: 111.4 | Y44: 111.2 | Z44: 110.2 | AA44: 112.4 | AB44: 108.9 | AC44: 111.3 | AD44: 114.6
A45: Urban | B45: 2014 | C45: March | D45: 122.1 | E45: 121.4 | F45: 121.5 | G45: 116.2 | H45: 102.8 | I45: 117.7 | J45: 113.3 | K45: 108.9 | L45: 96.3 | M45: 114.1 | N45: 112.2 | O45: 120.5 | P45: 116 | Q45: 116.7 | R45: 115.8 | S45: 112.1 | T45: 115.2 | U45: 113.2 | V45: 110.9 | W45: 113 | X45: 110.8 | Y45: 111.6 | Z45: 110.9 | AA45: 111.8 | AB45: 109.2 | AC45: 111.4 | AD45: 113.7
A46: Rural+Urban | B46: 2014 | C46: Marcrh | D46: 120.7 | E46: 119.3 | F46: 121 | G46: 116.1 | H46: 106.9 | I46: 118.7 | J46: 116.3 | K46: 109.8 | L46: 99.6 | M46: 111.8 | N46: 112.7 | O46: 119.3 | P46: 116.1 | Q46: 115.2 | R46: 116.8 | S46: 113.7 | T46: 116.4 | U46: 113.2 | V46: 112.5 | W46: 113.2 | X46: 111.2 | Y46: 111.4 | Z46: 110.6 | AA46: 112 | AB46: 109 | AC46: 111.3 | AD46: 114.2
A47: Rural | B47: 2014 | C47: April | D47: 120.2 | E47: 118.9 | F47: 118.1 | G47: 117 | H47: 109.7 | I47: 125.5 | J47: 120.5 | K47: 111 | L47: 102.6 | M47: 111.2 | N47: 113.5 | O47: 118.7 | P47: 117.2 | Q47: 115.4 | R47: 118.1 | S47: 116.1 | T47: 117.8 | U47: NA | V47: 113.4 | W47: 113.7 | X47: 111.8 | Y47: 111.2 | Z47: 110.5 | AA47: 113 | AB47: 108.9 | AC47: 111.5 | AD47: 115.4
A48: Urban | B48: 2014 | C48: April | D48: 122.5 | E48: 121.7 | F48: 113.3 | G48: 117 | H48: 103.1 | I48: 126.7 | J48: 121.2 | K48: 111 | L48: 100.3 | M48: 115.3 | N48: 112.7 | O48: 121 | P48: 118.2 | Q48: 117.6 | R48: 116.3 | S48: 112.5 | T48: 115.7 | U48: 113.9 | V48: 110.9 | W48: 113.4 | X48: 111 | Y48: 111.2 | Z48: 111.2 | AA48: 112.5 | AB48: 109.1 | AC48: 111.4 | AD48: 114.7
A49: Rural+Urban | B49: 2014 | C49: April | D49: 120.9 | E49: 119.9 | F49: 116.2 | G49: 117 | H49: 107.3 | I49: 126.1 | J49: 120.7 | K49: 111 | L49: 101.8 | M49: 112.6 | N49: 113.2 | O49: 119.8 | P49: 117.6 | Q49: 116 | R49: 117.4 | S49: 114.6 | T49: 117 | U49: 113.9 | V49: 112.5 | W49: 113.6 | X49: 111.5 | Y49: 111.2 | Z49: 110.9 | AA49: 112.7 | AB49: 109 | AC49: 111.5 | AD49: 115.1
A50: Rural | B50: 2014 | C50: May | D50: 120.3 | E50: 120.2 | F50: 116.9 | G50: 118 | H50: 110.1 | I50: 126.3 | J50: 123.9 | K50: 111.5 | L50: 103.5 | M50: 111.6 | N50: 114.2 | O50: 119.2 | P50: 118.2 | Q50: 116.3 | R50: 118.7 | S50: 116.8 | T50: 118.5 | U50: NA | V50: 113.4 | W50: 114.1 | X50: 112.1 | Y50: 111.4 | Z50: 110.9 | AA50: 113.1 | AB50: 108.9 | AC50: 111.8 | AD50: 116
A51: Urban | B51: 2014 | C51: May | D51: 122.7 | E51: 124.1 | F51: 114.2 | G51: 119.1 | H51: 103.5 | I51: 129.2 | J51: 127 | K51: 112.6 | L51: 101.3 | M51: 117 | N51: 112.9 | O51: 121.7 | P51: 120 | Q51: 118.3 | R51: 116.8 | S51: 112.9 | T51: 116.2 | U51: 114.3 | V51: 111.1 | W51: 114.1 | X51: 111.2 | Y51: 111.3 | Z51: 111.5 | AA51: 112.9 | AB51: 109.3 | AC51: 111.7 | AD51: 115.6
A52: Rural+Urban | B52: 2014 | C52: May | D52: 121.1 | E52: 121.6 | F52: 115.9 | G52: 118.4 | H52: 107.7 | I52: 127.7 | J52: 125 | K52: 111.9 | L52: 102.8 | M52: 113.4 | N52: 113.7 | O52: 120.4 | P52: 118.9 | Q52: 116.8 | R52: 118 | S52: 115.2 | T52: 117.6 | U52: 114.3 | V52: 112.5 | W52: 114.1 | X52: 111.8 | Y52: 111.3 | Z52: 111.2 | AA52: 113 | AB52: 109.1 | AC52: 111.8 | AD52: 115.8
A53: Rural | B53: 2014 | C53: June | D53: 120.7 | E53: 121.6 | F53: 116.1 | G53: 119.3 | H53: 110.3 | I53: 125.8 | J53: 129.3 | K53: 112.2 | L53: 103.6 | M53: 112.3 | N53: 114.9 | O53: 120.1 | P53: 119.5 | Q53: 117.3 | R53: 119.7 | S53: 117.3 | T53: 119.3 | U53: NA | V53: 114.4 | W53: 114.9 | X53: 112.8 | Y53: 112.2 | Z53: 111.4 | AA53: 114.3 | AB53: 108 | AC53: 112.3 | AD53: 117
A54: Urban | B54: 2014 | C54: June | D54: 123.1 | E54: 125.9 | F54: 115.4 | G54: 120.4 | H54: 103.4 | I54: 131.2 | J54: 137.5 | K54: 112.8 | L54: 101.4 | M54: 118.3 | N54: 113.2 | O54: 122.4 | P54: 122 | Q54: 119 | R54: 117.4 | S54: 113.2 | T54: 116.7 | U54: 113.9 | V54: 111.2 | W54: 114.3 | X54: 111.4 | Y54: 111.5 | Z54: 111.8 | AA54: 115.1 | AB54: 108.7 | AC54: 112.2 | AD54: 116.4
A55: Rural+Urban | B55: 2014 | C55: June | D55: 121.5 | E55: 123.1 | F55: 115.8 | G55: 119.7 | H55: 107.8 | I55: 128.3 | J55: 132.1 | K55: 112.4 | L55: 102.9 | M55: 114.3 | N55: 114.2 | O55: 121.2 | P55: 120.4 | Q55: 117.8 | R55: 118.8 | S55: 115.6 | T55: 118.3 | U55: 113.9 | V55: 113.2 | W55: 114.6 | X55: 112.3 | Y55: 111.8 | Z55: 111.6 | AA55: 114.8 | AB55: 108.3 | AC55: 112.3 | AD55: 116.7
A56: Rural | B56: 2014 | C56: July | D56: 121.7 | E56: 122.5 | F56: 117.7 | G56: 120.6 | H56: 110.4 | I56: 129.1 | J56: 150.1 | K56: 113.2 | L56: 104.8 | M56: 113.3 | N56: 115.6 | O56: 120.9 | P56: 123.3 | Q56: 118 | R56: 120.7 | S56: 118.3 | T56: 120.3 | U56: NA | V56: 115.3 | W56: 115.4 | X56: 113.4 | Y56: 113.2 | Z56: 111.8 | AA56: 115.5 | AB56: 108.8 | AC56: 113.1 | AD56: 119.5
A57: Urban | B57: 2014 | C57: July | D57: 123.8 | E57: 126.4 | F57: 118 | G57: 121.6 | H57: 103.5 | I57: 133.7 | J57: 172.4 | K57: 113.1 | L57: 102.7 | M57: 120 | N57: 113.8 | O57: 123.4 | P57: 127.1 | Q57: 121 | R57: 118 | S57: 113.6 | T57: 117.4 | U57: 114.8 | V57: 111.6 | W57: 114.9 | X57: 111.5 | Y57: 113 | Z57: 112.4 | AA57: 117.8 | AB57: 109.7 | AC57: 113.5 | AD57: 118.9
A58: Rural+Urban | B58: 2014 | C58: July | D58: 122.4 | E58: 123.9 | F58: 117.8 | G58: 121 | H58: 107.9 | I58: 131.2 | J58: 157.7 | K58: 113.2 | L58: 104.1 | M58: 115.5 | N58: 114.8 | O58: 122.1 | P58: 124.7 | Q58: 118.8 | R58: 119.6 | S58: 116.3 | T58: 119.1 | U58: 114.8 | V58: 113.9 | W58: 115.2 | X58: 112.7 | Y58: 113.1 | Z58: 112.1 | AA58: 116.8 | AB58: 109.2 | AC58: 113.3 | AD58: 119.2
A59: Rural | B59: 2014 | C59: August | D59: 121.8 | E59: 122.8 | F59: 117.8 | G59: 121.9 | H59: 110.6 | I59: 129.7 | J59: 161.1 | K59: 114.1 | L59: 105.1 | M59: 114.6 | N59: 115.8 | O59: 121.7 | P59: 125.3 | Q59: 118.8 | R59: 120.9 | S59: 118.8 | T59: 120.7 | U59: NA | V59: 115.4 | W59: 115.9 | X59: 114 | Y59: 113.2 | Z59: 112.2 | AA59: 116.2 | AB59: 109.4 | AC59: 113.5 | AD59: 120.7
A60: Urban | B60: 2014 | C60: August | D60: 124.8 | E60: 127.3 | F60: 116.5 | G60: 122.2 | H60: 103.6 | I60: 132.7 | J60: 181.9 | K60: 115.2 | L60: 102.7 | M60: 122.1 | N60: 114.4 | O60: 124.7 | P60: 128.9 | Q60: 123 | R60: 118.6 | S60: 114.1 | T60: 117.9 | U60: 115.5 | V60: 111.8 | W60: 115.3 | X60: 112.2 | Y60: 112.5 | Z60: 112.9 | AA60: 119.2 | AB60: 110.5 | AC60: 113.9 | AD60: 119.9
A61: Rural+Urban | B61: 2014 | C61: August | D61: 122.7 | E61: 124.4 | F61: 117.3 | G61: 122 | H61: 108 | I61: 131.1 | J61: 168.2 | K61: 114.5 | L61: 104.3 | M61: 117.1 | N61: 115.2 | O61: 123.1 | P61: 126.6 | Q61: 119.9 | R61: 120 | S61: 116.8 | T61: 119.6 | U61: 115.5 | V61: 114 | W61: 115.6 | X61: 113.3 | Y61: 112.8 | Z61: 112.6 | AA61: 118 | AB61: 109.9 | AC61: 113.7 | AD61: 120.3
A62: Rural | B62: 2014 | C62: September | D62: 122.3 | E62: 122.4 | F62: 117.8 | G62: 122.7 | H62: 110.4 | I62: 129.8 | J62: 158.8 | K62: 115 | L62: 104.7 | M62: 114.9 | N62: 116.5 | O62: 122.6 | P62: 125.3 | Q62: 119.5 | R62: 121.7 | S62: 119.2 | T62: 121.3 | U62: NA | V62: 115.8 | W62: 116.7 | X62: 114.5 | Y62: 112.8 | Z62: 112.6 | AA62: 116.6 | AB62: 109.1 | AC62: 113.7 | AD62: 120.9
A63: Urban | B63: 2014 | C63: September | D63: 124.2 | E63: 125.4 | F63: 116.4 | G63: 122.7 | H63: 103.5 | I63: 124.5 | J63: 168.6 | K63: 116.9 | L63: 101.9 | M63: 122.9 | N63: 114.8 | O63: 125.2 | P63: 126.7 | Q63: 124.3 | R63: 119.2 | S63: 114.5 | T63: 118.4 | U63: 116.1 | V63: 111.8 | W63: 115.5 | X63: 112.3 | Y63: 111.2 | Z63: 113.4 | AA63: 120 | AB63: 110 | AC63: 113.6 | AD63: 119.2
A64: Rural+Urban | B64: 2014 | C64: September | D64: 122.9 | E64: 123.5 | F64: 117.3 | G64: 122.7 | H64: 107.9 | I64: 127.3 | J64: 162.1 | K64: 115.6 | L64: 103.8 | M64: 117.6 | N64: 115.8 | O64: 123.8 | P64: 125.8 | Q64: 120.8 | R64: 120.7 | S64: 117.2 | T64: 120.1 | U64: 116.1 | V64: 114.3 | W64: 116.1 | X64: 113.7 | Y64: 112 | Z64: 113.1 | AA64: 118.6 | AB64: 109.5 | AC64: 113.7 | AD64: 120.1
A65: Rural | B65: 2014 | C65: October | D65: 122.6 | E65: 122.5 | F65: 118.3 | G65: 123.2 | H65: 110.5 | I65: 128.9 | J65: 155.3 | K65: 115.5 | L65: 104 | M65: 115.3 | N65: 116.8 | O65: 123.2 | P65: 125.1 | Q65: 120 | R65: 122.7 | S65: 120.3 | T65: 122.3 | U65: NA | V65: 116.4 | W65: 117.5 | X65: 115.3 | Y65: 112.6 | Z65: 113 | AA65: 116.9 | AB65: 109.3 | AC65: 114 | AD65: 121
A66: Urban | B66: 2014 | C66: October | D66: 124.6 | E66: 126.1 | F66: 117.8 | G66: 123.1 | H66: 103.5 | I66: 123.5 | J66: 159.6 | K66: 117.4 | L66: 101.2 | M66: 123.8 | N66: 115.2 | O66: 125.9 | P66: 125.8 | Q66: 124.3 | R66: 119.6 | S66: 114.9 | T66: 118.9 | U66: 116.7 | V66: 112 | W66: 115.8 | X66: 112.6 | Y66: 111 | Z66: 113.6 | AA66: 120.2 | AB66: 110.1 | AC66: 113.7 | AD66: 119.1
A67: Rural+Urban | B67: 2014 | C67: October | D67: 123.2 | E67: 123.8 | F67: 118.1 | G67: 123.2 | H67: 107.9 | I67: 126.4 | J67: 156.8 | K67: 116.1 | L67: 103.1 | M67: 118.1 | N67: 116.1 | O67: 124.5 | P67: 125.4 | Q67: 121.1 | R67: 121.5 | S67: 118.1 | T67: 121 | U67: 116.7 | V67: 114.7 | W67: 116.7 | X67: 114.3 | Y67: 111.8 | Z67: 113.3 | AA67: 118.8 | AB67: 109.6 | AC67: 113.9 | AD67: 120.1
A68: Rural | B68: 2014 | C68: November | D68: 122.7 | E68: 122.6 | F68: 119.9 | G68: 124 | H68: 110.5 | I68: 128.8 | J68: 152 | K68: 116.2 | L68: 103.3 | M68: 115.8 | N68: 116.8 | O68: 124.5 | P68: 124.9 | Q68: 120.8 | R68: 123.3 | S68: 120.5 | T68: 122.9 | U68: NA | V68: 117.3 | W68: 118.1 | X68: 115.9 | Y68: 112 | Z68: 113.3 | AA68: 117.2 | AB68: 108.8 | AC68: 114.1 | AD68: 121.1
A69: Urban | B69: 2014 | C69: November | D69: 124.5 | E69: 125.6 | F69: 122.7 | G69: 124.6 | H69: 103.2 | I69: 122.2 | J69: 153.2 | K69: 119.3 | L69: 99.8 | M69: 124.6 | N69: 115.8 | O69: 126.9 | P69: 125.4 | Q69: 125.8 | R69: 120.3 | S69: 115.4 | T69: 119.5 | U69: 117.1 | V69: 112.6 | W69: 116.4 | X69: 113 | Y69: 109.7 | Z69: 114 | AA69: 120.3 | AB69: 109.6 | AC69: 113.4 | AD69: 119
A70: Rural+Urban | B70: 2014 | C70: November | D70: 123.3 | E70: 123.7 | F70: 121 | G70: 124.2 | H70: 107.8 | I70: 125.7 | J70: 152.4 | K70: 117.2 | L70: 102.1 | M70: 118.7 | N70: 116.4 | O70: 125.6 | P70: 125.1 | Q70: 122.1 | R70: 122.1 | S70: 118.4 | T70: 121.6 | U70: 117.1 | V70: 115.5 | W70: 117.3 | X70: 114.8 | Y70: 110.8 | Z70: 113.7 | AA70: 119 | AB70: 109.1 | AC70: 113.8 | AD70: 120.1
A71: Rural | B71: 2014 | C71: December | D71: 122.4 | E71: 122.4 | F71: 121.8 | G71: 124.2 | H71: 110.2 | I71: 128.6 | J71: 140.3 | K71: 116.3 | L71: 102 | M71: 116 | N71: 117.3 | O71: 124.8 | P71: 123.3 | Q71: 121.7 | R71: 123.8 | S71: 120.6 | T71: 123.3 | U71: NA | V71: 117.4 | W71: 118.2 | X71: 116.2 | Y71: 111.5 | Z71: 113.3 | AA71: 117.7 | AB71: 109.4 | AC71: 114.2 | AD71: 120.3
A72: Urban | B72: 2014 | C72: December | D72: 124 | E72: 124.7 | F72: 126.3 | G72: 124.9 | H72: 103 | I72: 122.3 | J72: 141 | K72: 120.1 | L72: 97.8 | M72: 125.4 | N72: 116.1 | O72: 127.6 | P72: 124 | Q72: 126.4 | R72: 120.7 | S72: 115.8 | T72: 120 | U72: 116.5 | V72: 113 | W72: 116.8 | X72: 113.2 | Y72: 108.8 | Z72: 114.3 | AA72: 120.7 | AB72: 110.4 | AC72: 113.4 | AD72: 118.4
A73: Rural+Urban | B73: 2014 | C73: December | D73: 122.9 | E73: 123.2 | F73: 123.5 | G73: 124.5 | H73: 107.6 | I73: 125.7 | J73: 140.5 | K73: 117.6 | L73: 100.6 | M73: 119.1 | N73: 116.8 | O73: 126.1 | P73: 123.6 | Q73: 123 | R73: 122.6 | S73: 118.6 | T73: 122 | U73: 116.5 | V73: 115.7 | W73: 117.5 | X73: 115.1 | Y73: 110.1 | Z73: 113.9 | AA73: 119.5 | AB73: 109.8 | AC73: 113.8 | AD73: 119.4
A74: Rural | B74: 2015 | C74: January | D74: 123.1 | E74: 123.1 | F74: 122.1 | G74: 124.9 | H74: 111 | I74: 130.4 | J74: 132.3 | K74: 117.2 | L74: 100.5 | M74: 117.2 | N74: 117.9 | O74: 125.6 | P74: 122.8 | Q74: 122.7 | R74: 124.4 | S74: 121.6 | T74: 124 | U74: NA | V74: 118.4 | W74: 118.9 | X74: 116.6 | Y74: 111 | Z74: 114 | AA74: 118.2 | AB74: 110.2 | AC74: 114.5 | AD74: 120.3
A75: Urban | B75: 2015 | C75: January | D75: 124 | E75: 125.5 | F75: 126.6 | G75: 125.2 | H75: 104.3 | I75: 121.3 | J75: 134.4 | K75: 122.9 | L75: 96.1 | M75: 126.6 | N75: 116.5 | O75: 128 | P75: 123.5 | Q75: 127.4 | R75: 121 | S75: 116.1 | T75: 120.2 | U75: 117.3 | V75: 113.4 | W75: 117.2 | X75: 113.7 | Y75: 107.9 | Z75: 114.6 | AA75: 120.8 | AB75: 111.4 | AC75: 113.4 | AD75: 118.5
A76: Rural+Urban | B76: 2015 | C76: January | D76: 123.4 | E76: 123.9 | F76: 123.8 | G76: 125 | H76: 108.5 | I76: 126.2 | J76: 133 | K76: 119.1 | L76: 99 | M76: 120.3 | N76: 117.3 | O76: 126.7 | P76: 123.1 | Q76: 124 | R76: 123.1 | S76: 119.3 | T76: 122.5 | U76: 117.3 | V76: 116.5 | W76: 118.1 | X76: 115.5 | Y76: 109.4 | Z76: 114.3 | AA76: 119.7 | AB76: 110.7 | AC76: 114 | AD76: 119.5
A77: Rural | B77: 2015 | C77: February | D77: 123.4 | E77: 124.4 | F77: 122.1 | G77: 125.8 | H77: 111.5 | I77: 129.4 | J77: 128.2 | K77: 118.8 | L77: 100 | M77: 118.6 | N77: 118.8 | O77: 126.8 | P77: 122.8 | Q77: 124.2 | R77: 125.4 | S77: 122.7 | T77: 125 | U77: NA | V77: 120 | W77: 119.6 | X77: 117.7 | Y77: 110.9 | Z77: 114.8 | AA77: 118.7 | AB77: 110.8 | AC77: 115 | AD77: 120.6
A78: Urban | B78: 2015 | C78: February | D78: 124.3 | E78: 126.5 | F78: 119.5 | G78: 125.6 | H78: 104.9 | I78: 121.6 | J78: 131.8 | K78: 125.1 | L78: 95 | M78: 127.7 | N78: 116.8 | O78: 128.6 | P78: 123.7 | Q78: 128.1 | R78: 121.3 | S78: 116.5 | T78: 120.6 | U78: 118.1 | V78: 114 | W78: 117.7 | X78: 114.1 | Y78: 106.8 | Z78: 114.9 | AA78: 120.4 | AB78: 111.7 | AC78: 113.2 | AD78: 118.7
A79: Rural+Urban | B79: 2015 | C79: February | D79: 123.7 | E79: 125.1 | F79: 121.1 | G79: 125.7 | H79: 109.1 | I79: 125.8 | J79: 129.4 | K79: 120.9 | L79: 98.3 | M79: 121.6 | N79: 118 | O79: 127.6 | P79: 123.1 | Q79: 125.2 | R79: 123.8 | S79: 120.1 | T79: 123.3 | U79: 118.1 | V79: 117.7 | W79: 118.7 | X79: 116.3 | Y79: 108.7 | Z79: 114.9 | AA79: 119.7 | AB79: 111.2 | AC79: 114.1 | AD79: 119.7
A80: Rural | B80: 2015 | C80: March | D80: 123.3 | E80: 124.7 | F80: 118.9 | G80: 126 | H80: 111.8 | I80: 130.9 | J80: 128 | K80: 119.9 | L80: 98.9 | M80: 119.4 | N80: 118.9 | O80: 127.7 | P80: 123.1 | Q80: 124.7 | R80: 126 | S80: 122.9 | T80: 125.5 | U80: NA | V80: 120.6 | W80: 120.2 | X80: 118.2 | Y80: 111.6 | Z80: 115.5 | AA80: 119.4 | AB80: 110.8 | AC80: 115.5 | AD80: 121.1
A81: Urban | B81: 2015 | C81: March | D81: 124 | E81: 126.7 | F81: 113.5 | G81: 125.9 | H81: 104.8 | I81: 123.8 | J81: 131.4 | K81: 127.2 | L81: 93.2 | M81: 127.4 | N81: 117 | O81: 129.2 | P81: 123.9 | Q81: 128.8 | R81: 121.7 | S81: 116.9 | T81: 120.9 | U81: 118.6 | V81: 114.4 | W81: 118 | X81: 114.3 | Y81: 108.4 | Z81: 115.4 | AA81: 120.6 | AB81: 111.3 | AC81: 113.8 | AD81: 119.1
A82: Rural+Urban | B82: 2015 | C82: March | D82: 123.5 | E82: 125.4 | F82: 116.8 | G82: 126 | H82: 109.2 | I82: 127.6 | J82: 129.2 | K82: 122.4 | L82: 97 | M82: 122.1 | N82: 118.1 | O82: 128.4 | P82: 123.4 | Q82: 125.8 | R82: 124.3 | S82: 120.4 | T82: 123.7 | U82: 118.6 | V82: 118.3 | W82: 119.2 | X82: 116.7 | Y82: 109.9 | Z82: 115.4 | AA82: 120.1 | AB82: 111 | AC82: 114.7 | AD82: 120.2
A83: Rural | B83: 2015 | C83: April | D83: 123.3 | E83: 125.5 | F83: 117.2 | G83: 126.8 | H83: 111.9 | I83: 134.2 | J83: 127.5 | K83: 121.5 | L83: 97.8 | M83: 119.8 | N83: 119.4 | O83: 128.7 | P83: 123.6 | Q83: 125.7 | R83: 126.4 | S83: 123.3 | T83: 126 | U83: NA | V83: 121.2 | W83: 120.9 | X83: 118.6 | Y83: 111.9 | Z83: 116.2 | AA83: 119.9 | AB83: 111.6 | AC83: 116 | AD83: 121.5
A84: Urban | B84: 2015 | C84: April | D84: 123.8 | E84: 128.2 | F84: 110 | G84: 126.3 | H84: 104.5 | I84: 130.6 | J84: 130.8 | K84: 131.3 | L84: 91.6 | M84: 127.7 | N84: 117.2 | O84: 129.5 | P84: 124.6 | Q84: 130.1 | R84: 122.1 | S84: 117.2 | T84: 121.3 | U84: 119.2 | V84: 114.7 | W84: 118.4 | X84: 114.6 | Y84: 108.4 | Z84: 115.6 | AA84: 121.7 | AB84: 111.8 | AC84: 114.2 | AD84: 119.7
A85: Rural+Urban | B85: 2015 | C85: April | D85: 123.5 | E85: 126.4 | F85: 114.4 | G85: 126.6 | H85: 109.2 | I85: 132.5 | J85: 128.6 | K85: 124.8 | L85: 95.7 | M85: 122.4 | N85: 118.5 | O85: 129.1 | P85: 124 | Q85: 126.9 | R85: 124.7 | S85: 120.8 | T85: 124.1 | U85: 119.2 | V85: 118.7 | W85: 119.7 | X85: 117.1 | Y85: 110.1 | Z85: 115.9 | AA85: 121 | AB85: 111.7 | AC85: 115.1 | AD85: 120.7
A86: Rural | B86: 2015 | C86: May | D86: 123.5 | E86: 127.1 | F86: 117.3 | G86: 127.7 | H86: 112.5 | I86: 134.1 | J86: 128.5 | K86: 124.3 | L86: 97.6 | M86: 120.7 | N86: 120.2 | O86: 129.8 | P86: 124.4 | Q86: 126.7 | R86: 127.3 | S86: 124.1 | T86: 126.8 | U86: NA | V86: 121.9 | W86: 121.5 | X86: 119.4 | Y86: 113.3 | Z86: 116.7 | AA86: 120.5 | AB86: 112.3 | AC86: 116.9 | AD86: 122.4
A87: Urban | B87: 2015 | C87: May | D87: 123.8 | E87: 129.7 | F87: 111.3 | G87: 126.6 | H87: 105.2 | I87: 130.8 | J87: 135.6 | K87: 142.6 | L87: 90.8 | M87: 128.8 | N87: 117.7 | O87: 129.9 | P87: 126.1 | Q87: 131.3 | R87: 122.4 | S87: 117.4 | T87: 121.6 | U87: 119.6 | V87: 114.9 | W87: 118.7 | X87: 114.9 | Y87: 110.8 | Z87: 116 | AA87: 122 | AB87: 112.4 | AC87: 115.2 | AD87: 120.7
A88: Rural+Urban | B88: 2015 | C88: May | D88: 123.6 | E88: 128 | F88: 115 | G88: 127.3 | H88: 109.8 | I88: 132.6 | J88: 130.9 | K88: 130.5 | L88: 95.3 | M88: 123.4 | N88: 119.2 | O88: 129.8 | P88: 125 | Q88: 127.9 | R88: 125.4 | S88: 121.3 | T88: 124.7 | U88: 119.6 | V88: 119.2 | W88: 120.2 | X88: 117.7 | Y88: 112 | Z88: 116.3 | AA88: 121.4 | AB88: 112.3 | AC88: 116.1 | AD88: 121.6
A89: Rural | B89: 2015 | C89: June | D89: 124.1 | E89: 130.4 | F89: 122.1 | G89: 128.7 | H89: 114.1 | I89: 133.2 | J89: 135.2 | K89: 131.9 | L89: 96.3 | M89: 123 | N89: 121.1 | O89: 131.2 | P89: 126.6 | Q89: 128.2 | R89: 128.4 | S89: 125.1 | T89: 128 | U89: NA | V89: 122.6 | W89: 122.8 | X89: 120.4 | Y89: 114.2 | Z89: 117.9 | AA89: 122 | AB89: 113 | AC89: 117.9 | AD89: 124.1
A90: Urban | B90: 2015 | C90: June | D90: 123.6 | E90: 134.4 | F90: 120.9 | G90: 127.3 | H90: 106 | I90: 132.3 | J90: 146.7 | K90: 148.1 | L90: 89.8 | M90: 130.5 | N90: 118 | O90: 130.5 | P90: 128.5 | Q90: 132.1 | R90: 123.2 | S90: 117.6 | T90: 122.3 | U90: 119 | V90: 115.1 | W90: 119.2 | X90: 115.4 | Y90: 111.7 | Z90: 116.2 | AA90: 123.8 | AB90: 112.5 | AC90: 116 | AD90: 121.7
A91: Rural+Urban | B91: 2015 | C91: June | D91: 123.9 | E91: 131.8 | F91: 121.6 | G91: 128.2 | H91: 111.1 | I91: 132.8 | J91: 139.1 | K91: 137.4 | L91: 94.1 | M91: 125.5 | N91: 119.8 | O91: 130.9 | P91: 127.3 | Q91: 129.2 | R91: 126.4 | S91: 122 | T91: 125.7 | U91: 119 | V91: 119.8 | W91: 121.1 | X91: 118.5 | Y91: 112.9 | Z91: 116.9 | AA91: 123.1 | AB91: 112.8 | AC91: 117 | AD91: 123
A92: Rural | B92: 2015 | C92: July | D92: 124 | E92: 131.5 | F92: 122 | G92: 128.7 | H92: 113.5 | I92: 133.3 | J92: 140.8 | K92: 133.8 | L92: 94.1 | M92: 123.4 | N92: 121 | O92: 131.7 | P92: 127.5 | Q92: 129.4 | R92: 128.8 | S92: 125.5 | T92: 128.3 | U92: NA | V92: 123 | W92: 123 | X92: 120.8 | Y92: 114.1 | Z92: 118 | AA92: 122.9 | AB92: 112.7 | AC92: 118.1 | AD92: 124.7
A93: Urban | B93: 2015 | C93: July | D93: 123.2 | E93: 134.3 | F93: 119.5 | G93: 127.7 | H93: 106.3 | I93: 132.8 | J93: 153.5 | K93: 149.5 | L93: 85.7 | M93: 131.5 | N93: 118.3 | O93: 131.1 | P93: 129.5 | Q93: 133.1 | R93: 123.5 | S93: 117.9 | T93: 122.7 | U93: 119.9 | V93: 115.3 | W93: 119.5 | X93: 116 | Y93: 111.5 | Z93: 116.6 | AA93: 125.4 | AB93: 111.7 | AC93: 116.3 | AD93: 122.4
A94: Rural+Urban | B94: 2015 | C94: July | D94: 123.7 | E94: 132.5 | F94: 121 | G94: 128.3 | H94: 110.9 | I94: 133.1 | J94: 145.1 | K94: 139.1 | L94: 91.3 | M94: 126.1 | N94: 119.9 | O94: 131.4 | P94: 128.2 | Q94: 130.4 | R94: 126.7 | S94: 122.3 | T94: 126.1 | U94: 119.9 | V94: 120.1 | W94: 121.3 | X94: 119 | Y94: 112.7 | Z94: 117.2 | AA94: 124.4 | AB94: 112.3 | AC94: 117.2 | AD94: 123.6
A95: Rural | B95: 2015 | C95: August | D95: 124.7 | E95: 131.3 | F95: 121.3 | G95: 128.8 | H95: 114 | I95: 134.2 | J95: 153.6 | K95: 137.9 | L95: 93.1 | M95: 123.9 | N95: 121.5 | O95: 132.5 | P95: 129.8 | Q95: 130.1 | R95: 129.5 | S95: 126.3 | T95: 129 | U95: NA | V95: 123.8 | W95: 123.7 | X95: 121.1 | Y95: 113.6 | Z95: 118.5 | AA95: 123.6 | AB95: 112.5 | AC95: 118.2 | AD95: 126.1
A96: Urban | B96: 2015 | C96: August | D96: 123.1 | E96: 131.7 | F96: 118.1 | G96: 128 | H96: 106.8 | I96: 130.1 | J96: 165.5 | K96: 156 | L96: 85.3 | M96: 132.7 | N96: 118.8 | O96: 131.7 | P96: 131.1 | Q96: 134.2 | R96: 123.7 | S96: 118.2 | T96: 122.9 | U96: 120.9 | V96: 115.3 | W96: 120 | X96: 116.6 | Y96: 109.9 | Z96: 117.2 | AA96: 126.2 | AB96: 112 | AC96: 116.2 | AD96: 123.2
A97: Rural+Urban | B97: 2015 | C97: August | D97: 124.2 | E97: 131.4 | F97: 120.1 | G97: 128.5 | H97: 111.4 | I97: 132.3 | J97: 157.6 | K97: 144 | L97: 90.5 | M97: 126.8 | N97: 120.4 | O97: 132.1 | P97: 130.3 | Q97: 131.2 | R97: 127.2 | S97: 122.9 | T97: 126.6 | U97: 120.9 | V97: 120.6 | W97: 122 | X97: 119.4 | Y97: 111.7 | Z97: 117.8 | AA97: 125.1 | AB97: 112.3 | AC97: 117.2 | AD97: 124.8
A98: Rural | B98: 2015 | C98: September | D98: 125.1 | E98: 131.1 | F98: 120.7 | G98: 129.2 | H98: 114.7 | I98: 132.3 | J98: 158.9 | K98: 142.1 | L98: 92.5 | M98: 125.4 | N98: 121.9 | O98: 132.7 | P98: 131 | Q98: 131 | R98: 130.4 | S98: 126.8 | T98: 129.9 | U98: NA | V98: 123.7 | W98: 124.5 | X98: 121.4 | Y98: 113.8 | Z98: 119.6 | AA98: 124.5 | AB98: 113.7 | AC98: 118.8 | AD98: 127
A99: Urban | B99: 2015 | C99: September | D99: 123.4 | E99: 129 | F99: 115.6 | G99: 128.3 | H99: 107 | I99: 124 | J99: 168.5 | K99: 165.4 | L99: 86.3 | M99: 134.4 | N99: 119.1 | O99: 132.3 | P99: 131.5 | Q99: 134.7 | R99: 124 | S99: 118.6 | T99: 123.2 | U99: 121.6 | V99: 115.1 | W99: 120.4 | X99: 117.1 | Y99: 109.1 | Z99: 117.3 | AA99: 126.5 | AB99: 112.9 | AC99: 116.2 | AD99: 123.5
A100: Rural+Urban | B100: 2015 | C100: September | D100: 124.6 | E100: 130.4 | F100: 118.7 | G100: 128.9 | H100: 111.9 | I100: 128.4 | J100: 162.2 | K100: 150 | L100: 90.4 | M100: 128.4 | N100: 120.7 | O100: 132.5 | P100: 131.2 | Q100: 132 | R100: 127.9 | S100: 123.4 | T100: 127.2 | U100: 121.6 | V100: 120.4 | W100: 122.6 | X100: 119.8 | Y100: 111.3 | Z100: 118.3 | AA100: 125.7 | AB100: 113.4 | AC100: 117.5 | AD100: 125.4
...

Sheet  YoY_Data
A1: Sector | B1: Year | C1: Month | D1: Cereals and products | E1: Meat and fish | F1: Egg | G1: Milk and products | H1: Oils and fats | I1: Fruits | J1: Vegetables | K1: Pulses and products | L1: Sugar and Confectionery | M1: Spices | N1: Non-alcoholic beverages | O1: Prepared meals, snacks, sweets etc. | P1: Pan, tobacco and intoxicants | Q1: Clothing | R1: Footwear | S1: Housing | T1: Fuel and light | U1: Household goods and services | V1: Health | W1: Transport and communication | X1: Recreation and amusement | Y1: Education | Z1: Personal care and effects | AA1: Miscellaneous | AB1: General index | AC1: Date | AD1: Genearl YoY%
A2: Rural+Urban | B2: 2013 | C2: January | D2: 108.4 | E2: 107.3 | F2: 110 | G2: 104.4 | H2: 105.1 | I2: 103.2 | J2: 102.2 | K2: 106 | L2: 106.2 | M2: 102.7 | N2: 104.9 | O2: 107.3 | P2: 105.1 | Q2: 106.3 | R2: 105.5 | S2: 100.3 | T2: 105.5 | U2: 104.8 | V2: 104 | W2: 103.2 | X2: 103.1 | Y2: 103.6 | Z2: 104.5 | AA2: 103.9 | AB2: 104.6 | AC2: 41275
A3: Rural+Urban | B3: 2013 | C3: February | D3: 110.4 | E3: 110.2 | F3: 112.8 | G3: 104.9 | H3: 105.5 | I3: 103.6 | J3: 103.2 | K3: 105.3 | L3: 105.1 | M3: 102.8 | N3: 105.5 | O3: 108.3 | P3: 105.7 | Q3: 106.9 | R3: 106 | S3: 100.4 | T3: 106 | U3: 105.2 | V3: 104.5 | W3: 104.2 | X3: 103.6 | Y3: 103.9 | Z3: 104.5 | AA3: 104.4 | AB3: 105.3 | AC3: 41306
A4: Rural+Urban | B4: 2013 | C4: March | D4: 111.4 | E4: 109.7 | F4: 111.2 | G4: 105.1 | H4: 104.9 | I4: 105.3 | J4: 102.2 | K4: 105 | L4: 104.2 | M4: 103 | N4: 106.2 | O4: 108.9 | P4: 106.6 | Q4: 107.4 | R4: 106.5 | S4: 100.4 | T4: 106.1 | U4: 105.6 | V4: 104.9 | W4: 105.1 | X4: 103.7 | Y4: 104 | Z4: 104.3 | AA4: 104.7 | AB4: 105.5 | AC4: 41334
A5: Rural+Urban | B5: 2013 | C5: April | D5: 111.6 | E5: 110.9 | F5: 106.6 | G5: 105.7 | H5: 104.4 | I5: 108.9 | J5: 105.5 | K5: 105.3 | L5: 103.5 | M5: 103.3 | N5: 107.2 | O5: 109.6 | P5: 107.5 | Q5: 108 | R5: 107 | S5: 100.5 | T5: 106.5 | U5: 106.3 | V5: 105.3 | W5: 104.7 | X5: 104.2 | Y5: 105 | Z5: 102.9 | AA5: 104.8 | AB5: 106.1 | AC5: 41365
A6: Rural+Urban | B6: 2013 | C6: May | D6: 112.3 | E6: 111.3 | F6: 104.7 | G6: 106.8 | H6: 103.9 | I6: 109.3 | J6: 112.9 | K6: 105.8 | L6: 103.1 | M6: 104.3 | N6: 108.1 | O6: 110.5 | P6: 108.6 | Q6: 108.7 | R6: 107.4 | S6: 100.5 | T6: 107.4 | U6: 106.9 | V6: 105.9 | W6: 104 | X6: 104.8 | Y6: 105.6 | Z6: 102.3 | AA6: 104.8 | AB6: 106.9 | AC6: 41395
A7: Rural+Urban | B7: 2013 | C7: June | D7: 113.8 | E7: 114.9 | F7: 109.8 | G7: 107.9 | H7: 104.2 | I7: 110.7 | J7: 126.7 | K7: 106.3 | L7: 103.2 | M7: 105.7 | N7: 109 | O7: 111.6 | P7: 109.5 | Q7: 109.5 | R7: 108.1 | S7: 106.6 | T7: 108.3 | U7: 107.6 | V7: 106.4 | W7: 105.1 | X7: 105.4 | Y7: 107.4 | Z7: 102.8 | AA7: 105.8 | AB7: 109.3 | AC7: 41426
A8: Rural+Urban | B8: 2013 | C8: July | D8: 114.8 | E8: 116.4 | F8: 111.9 | G8: 108.9 | H8: 104.3 | I8: 111.7 | J8: 140 | K8: 106.4 | L8: 103.3 | M8: 106.8 | N8: 109.6 | O8: 112.6 | P8: 110.3 | Q8: 110.2 | R8: 108.8 | S8: 107.7 | T8: 109.2 | U8: 108.2 | V8: 107 | W8: 107.1 | X8: 106.1 | Y8: 109.1 | Z8: 102.8 | AA8: 106.9 | AB8: 111 | AC8: 41456
A9: Rural+Urban | B9: 2013 | C9: August | D9: 115.6 | E9: 117.2 | F9: 111.7 | G9: 109.6 | H9: 104.5 | I9: 109.8 | J9: 151.8 | K9: 106.5 | L9: 103.1 | M9: 107.4 | N9: 110.2 | O9: 113.4 | P9: 111.2 | Q9: 111 | R9: 109.4 | S9: 108.9 | T9: 109.7 | U9: 108.7 | V9: 107.5 | W9: 108 | X9: 106.6 | Y9: 109.9 | Z9: 105.4 | AA9: 107.9 | AB9: 112.4 | AC9: 41487
A10: Rural+Urban | B10: 2013 | C10: September | D10: 116.4 | E10: 116.9 | F10: 112.3 | G10: 110.5 | H10: 105.3 | I10: 107.3 | J10: 160.9 | K10: 107.1 | L10: 103.1 | M10: 108.3 | N10: 110.7 | O10: 114.6 | P10: 112 | Q10: 112.2 | R10: 110.4 | S10: 109.7 | T10: 110.5 | U10: 109.6 | V10: 108.1 | W10: 109.9 | X10: 107.5 | Y10: 110.6 | Z10: 106.8 | AA10: 109 | AB10: 113.7 | AC10: 41518
A11: Rural+Urban | B11: 2013 | C11: October | D11: 117.1 | E11: 116.3 | F11: 113.3 | G11: 111.2 | H11: 105.7 | I11: 109.9 | J11: 171.2 | K11: 107.3 | L11: 102.7 | M11: 108.7 | N11: 111.2 | O11: 115.4 | P11: 112.5 | Q11: 113.2 | R11: 111.2 | S11: 110.5 | T11: 110.9 | U11: 110.3 | V11: 108.6 | W11: 109.5 | X11: 108.1 | Y11: 110.8 | Z11: 107.4 | AA11: 109.2 | AB11: 114.8 | AC11: 41548
A12: Rural+Urban | B12: 2013 | C12: November | D12: 118.1 | E12: 115.4 | F12: 118.7 | G12: 112.5 | H12: 106.8 | I12: 113.5 | J12: 183.1 | K12: 108.2 | L12: 102.2 | M12: 109.4 | N12: 111.8 | O12: 116.5 | P12: 113.1 | Q12: 114.2 | R12: 111.9 | S12: 111.1 | T12: 111.6 | U12: 111.1 | V12: 109.3 | W12: 109.5 | X12: 108.6 | Y12: 111.2 | Z12: 108.1 | AA12: 109.7 | AB12: 116.3 | AC12: 41579
A13: Rural+Urban | B13: 2013 | C13: December | D13: 119.1 | E13: 116.7 | F13: 123.5 | G13: 113.4 | H13: 107.3 | I13: 113.3 | J13: 145.4 | K13: 108.7 | L13: 101.5 | M13: 110.5 | N13: 112.1 | O13: 117.4 | P13: 114 | Q13: 115.2 | R13: 112.7 | S13: 110.7 | T13: 111.9 | U13: 111.7 | V13: 109.7 | W13: 109.8 | X13: 109 | Y13: 111.5 | Z13: 107.9 | AA13: 110 | AB13: 114.5 | AC13: 41609
A14: Rural+Urban | B14: 2014 | C14: January | D14: 119.6 | E14: 118.8 | F14: 124.1 | G14: 114.1 | H14: 106.8 | I14: 113.9 | J14: 122.2 | K14: 108.9 | L14: 100.2 | M14: 111 | N14: 112.3 | O14: 118.1 | P14: 114.5 | Q14: 115.8 | R14: 113.2 | S14: 111.6 | T14: 112.2 | U14: 112.3 | V14: 110.3 | W14: 110.7 | X14: 109.7 | Y14: 111.6 | Z14: 108.2 | AA14: 110.6 | AB14: 113.6 | AC14: 41640 | AD14: =((AB14-AB2)/AB2)*100 -> 8.6042065
A15: Rural+Urban | B15: 2014 | C15: February | D15: 120.2 | E15: 119.2 | F15: 122.5 | G15: 115.1 | H15: 106.6 | I15: 115.4 | J15: 114.5 | K15: 109.3 | L15: 99.2 | M15: 111.4 | N15: 112.6 | O15: 118.8 | P15: 114.7 | Q15: 116.4 | R15: 113.3 | S15: 112.5 | T15: 112.4 | U15: 112.8 | V15: 110.7 | W15: 111.1 | X15: 110.1 | Y15: 111.8 | Z15: 108.7 | AA15: 110.9 | AB15: 113.6 | AC15: 41671 | AD15: =((AB15-AB3)/AB3)*100 -> 7.8822412
A16: Rural+Urban | B16: 2014 | C16: March | D16: 120.7 | E16: 119.3 | F16: 121 | G16: 116.1 | H16: 106.9 | I16: 118.7 | J16: 116.3 | K16: 109.8 | L16: 99.6 | M16: 111.8 | N16: 112.7 | O16: 119.3 | P16: 115.2 | Q16: 116.8 | R16: 113.7 | S16: 113.2 | T16: 112.5 | U16: 113.2 | V16: 111.2 | W16: 111.4 | X16: 110.6 | Y16: 112 | Z16: 109 | AA16: 111.3 | AB16: 114.2 | AC16: 41699 | AD16: =((AB16-AB4)/AB4)*100 -> 8.2464455
A17: Rural+Urban | B17: 2014 | C17: April | D17: 120.9 | E17: 119.9 | F17: 116.2 | G17: 117 | H17: 107.3 | I17: 126.1 | J17: 120.7 | K17: 111 | L17: 101.8 | M17: 112.6 | N17: 113.2 | O17: 119.8 | P17: 116 | Q17: 117.4 | R17: 114.6 | S17: 113.9 | T17: 112.5 | U17: 113.6 | V17: 111.5 | W17: 111.2 | X17: 110.9 | Y17: 112.7 | Z17: 109 | AA17: 111.5 | AB17: 115.1 | AC17: 41730 | AD17: =((AB17-AB5)/AB5)*100 -> 8.4825636
A18: Rural+Urban | B18: 2014 | C18: May | D18: 121.1 | E18: 121.6 | F18: 115.9 | G18: 118.4 | H18: 107.7 | I18: 127.7 | J18: 125 | K18: 111.9 | L18: 102.8 | M18: 113.4 | N18: 113.7 | O18: 120.4 | P18: 116.8 | Q18: 118 | R18: 115.2 | S18: 114.3 | T18: 112.5 | U18: 114.1 | V18: 111.8 | W18: 111.3 | X18: 111.2 | Y18: 113 | Z18: 109.1 | AA18: 111.8 | AB18: 115.8 | AC18: 41760 | AD18: =((AB18-AB6)/AB6)*100 -> 8.3255379
A19: Rural+Urban | B19: 2014 | C19: June | D19: 121.5 | E19: 123.1 | F19: 115.8 | G19: 119.7 | H19: 107.8 | I19: 128.3 | J19: 132.1 | K19: 112.4 | L19: 102.9 | M19: 114.3 | N19: 114.2 | O19: 121.2 | P19: 117.8 | Q19: 118.8 | R19: 115.6 | S19: 113.9 | T19: 113.2 | U19: 114.6 | V19: 112.3 | W19: 111.8 | X19: 111.6 | Y19: 114.8 | Z19: 108.3 | AA19: 112.3 | AB19: 116.7 | AC19: 41791 | AD19: =((AB19-AB7)/AB7)*100 -> 6.7703568
A20: Rural+Urban | B20: 2014 | C20: July | D20: 122.4 | E20: 123.9 | F20: 117.8 | G20: 121 | H20: 107.9 | I20: 131.2 | J20: 157.7 | K20: 113.2 | L20: 104.1 | M20: 115.5 | N20: 114.8 | O20: 122.1 | P20: 118.8 | Q20: 119.6 | R20: 116.3 | S20: 114.8 | T20: 113.9 | U20: 115.2 | V20: 112.7 | W20: 113.1 | X20: 112.1 | Y20: 116.8 | Z20: 109.2 | AA20: 113.3 | AB20: 119.2 | AC20: 41821 | AD20: =((AB20-AB8)/AB8)*100 -> 7.3873874
A21: Rural+Urban | B21: 2014 | C21: August | D21: 122.7 | E21: 124.4 | F21: 117.3 | G21: 122 | H21: 108 | I21: 131.1 | J21: 168.2 | K21: 114.5 | L21: 104.3 | M21: 117.1 | N21: 115.2 | O21: 123.1 | P21: 119.9 | Q21: 120 | R21: 116.8 | S21: 115.5 | T21: 114 | U21: 115.6 | V21: 113.3 | W21: 112.8 | X21: 112.6 | Y21: 118 | Z21: 109.9 | AA21: 113.7 | AB21: 120.3 | AC21: 41852 | AD21: =((AB21-AB9)/AB9)*100 -> 7.0284698
A22: Rural+Urban | B22: 2014 | C22: September | D22: 122.9 | E22: 123.5 | F22: 117.3 | G22: 122.7 | H22: 107.9 | I22: 127.3 | J22: 162.1 | K22: 115.6 | L22: 103.8 | M22: 117.6 | N22: 115.8 | O22: 123.8 | P22: 120.8 | Q22: 120.7 | R22: 117.2 | S22: 116.1 | T22: 114.3 | U22: 116.1 | V22: 113.7 | W22: 112 | X22: 113.1 | Y22: 118.6 | Z22: 109.5 | AA22: 113.7 | AB22: 120.1 | AC22: 41883 | AD22: =((AB22-AB10)/AB10)*100 -> 5.6288478
A23: Rural+Urban | B23: 2014 | C23: October | D23: 123.2 | E23: 123.8 | F23: 118.1 | G23: 123.2 | H23: 107.9 | I23: 126.4 | J23: 156.8 | K23: 116.1 | L23: 103.1 | M23: 118.1 | N23: 116.1 | O23: 124.5 | P23: 121.1 | Q23: 121.5 | R23: 118.1 | S23: 116.7 | T23: 114.7 | U23: 116.7 | V23: 114.3 | W23: 111.8 | X23: 113.3 | Y23: 118.8 | Z23: 109.6 | AA23: 113.9 | AB23: 120.1 | AC23: 41913 | AD23: =((AB23-AB11)/AB11)*100 -> 4.6167247
A24: Rural+Urban | B24: 2014 | C24: November | D24: 123.3 | E24: 123.7 | F24: 121 | G24: 124.2 | H24: 107.8 | I24: 125.7 | J24: 152.4 | K24: 117.2 | L24: 102.1 | M24: 118.7 | N24: 116.4 | O24: 125.6 | P24: 122.1 | Q24: 122.1 | R24: 118.4 | S24: 117.1 | T24: 115.5 | U24: 117.3 | V24: 114.8 | W24: 110.8 | X24: 113.7 | Y24: 119 | Z24: 109.1 | AA24: 113.8 | AB24: 120.1 | AC24: 41944 | AD24: =((AB24-AB12)/AB12)*100 -> 3.2674119
A25: Rural+Urban | B25: 2014 | C25: December | D25: 122.9 | E25: 123.2 | F25: 123.5 | G25: 124.5 | H25: 107.6 | I25: 125.7 | J25: 140.5 | K25: 117.6 | L25: 100.6 | M25: 119.1 | N25: 116.8 | O25: 126.1 | P25: 123 | Q25: 122.6 | R25: 118.6 | S25: 116.5 | T25: 115.7 | U25: 117.5 | V25: 115.1 | W25: 110.1 | X25: 113.9 | Y25: 119.5 | Z25: 109.8 | AA25: 113.8 | AB25: 119.4 | AC25: 41974 | AD25: =((AB25-AB13)/AB13)*100 -> 4.279476
... A125: Rural+Urban | B125: 2023 | C125: May | D125: 173.7 | E125: 214.3 | F125: 173.2 | G125: 179.5 | H125: 170 | I125: 172.2 | J125: 161 | K125: 175.6 | L125: 122.7 | M125: 218 | N125: 173.4 | O125: 194.2 | P125: 201 | Q125: 187.3 | R125: 179.7 | S125: 175.6 | T125: 182.8 | U125: 175.2 | V125: 185.7 | W125: 164.8 | X125: 171.2 | Y125: 177.1 | Z125: 185.2 | AA125: 175.7 | AB125: 179.1 | AC125: 45047 | AD125: =((AB125-AB113)/AB113)*100 -> 4.3098427

Sheet Clean Data
A1: Sector | B1: Year | C1: Month | D1: Cereals and products | E1: Meat and fish | F1: Egg | G1: Milk and products | H1: Oils and fats | I1: Fruits | J1: Vegetables | K1: Pulses and products | L1: Sugar and Confectionery | M1: Spices | N1: Non-alcoholic beverages | O1: Prepared meals, snacks, sweets etc. | P1: Food and beverages | Q1: Pan, tobacco and intoxicants | R1: Clothing | S1: Footwear | T1: Clothing and footwear | U1: Housing | V1: Fuel and light | W1: Household goods and services | X1: Health | Y1: Transport and communication | Z1: Recreation and amusement | AA1: Education | AB1: Personal care and effects | AC1: Miscellaneous | AD1: General index | AE1: Month NO. | AF1: Date
A2: Rural | B2: 2013 | C2: January | D2: 107.5 | E2: 106.3 | F2: 108.1 | G2: 104.9 | H2: 106.1 | I2: 103.9 | J2: 101.9 | K2: 106.1 | L2: 106.8 | M2: 103.1 | N2: 104.8 | O2: 106.7 | P2: 105.5 | Q2: 105.1 | R2: 106.5 | S2: 105.8 | T2: 106.4 | U2: 139.2 | V2: 105.5 | W2: 104.8 | X2: 104 | Y2: 103.3 | Z2: 103.4 | AA2: 103.8 | AB2: 104.7 | AC2: 104 | AD2: 105.1 | AE2: =IF(C2="January",1,IF(C2="February",2,IF(C2="March",3,IF(C2="April",4,IF(C2="May",5,IF(C2="June",6,IF(C2="July",7,IF(C2="August",8,IF(C2="September",9,IF(C2="October",10,IF(C2="November",11,IF(C2="December",12,"")))))))))))) -> 1 | AF2: =DATE(B2,AE2,1) -> 41275
A3: Urban | B3: 2013 | C3: January | D3: 110.5 | E3: 109.1 | F3: 113 | G3: 103.6 | H3: 103.4 | I3: 102.3 | J3: 102.9 | K3: 105.8 | L3: 105.1 | M3: 101.8 | N3: 105.1 | O3: 107.9 | P3: 105.9 | Q3: 105.2 | R3: 105.9 | S3: 105 | T3: 105.8 | U3: 100.3 | V3: 105.4 | W3: 104.8 | X3: 104.1 | Y3: 103.2 | Z3: 102.9 | AA3: 103.5 | AB3: 104.3 | AC3: 103.7 | AD3: 104 | AE3: =IF(C3="January",1,IF(C3="February",2,IF(C3="March",3,IF(C3="April",4,IF(C3="May",5,IF(C3="June",6,IF(C3="July",7,IF(C3="August",8,IF(C3="September",9,IF(C3="October",10,IF(C3="November",11,IF(C3="December",12,"")))))))))))) -> 1 | AF3: =DATE(B3,AE3,1) -> 41275
A4: Rural+Urban | B4: 2013 | C4: January | D4: 108.4 | E4: 107.3 | F4: 110 | G4: 104.4 | H4: 105.1 | I4: 103.2 | J4: 102.2 | K4: 106 | L4: 106.2 | M4: 102.7 | N4: 104.9 | O4: 107.3 | P4: 105.6 | Q4: 105.1 | R4: 106.3 | S4: 105.5 | T4: 106.2 | U4: 100.3 | V4: 105.5 | W4: 104.8 | X4: 104 | Y4: 103.2 | Z4: 103.1 | AA4: 103.6 | AB4: 104.5 | AC4: 103.9 | AD4: 104.6 | AE4: =IF(C4="January",1,IF(C4="February",2,IF(C4="March",3,IF(C4="April",4,IF(C4="May",5,IF(C4="June",6,IF(C4="July",7,IF(C4="August",8,IF(C4="September",9,IF(C4="October",10,IF(C4="November",11,IF(C4="December",12,"")))))))))))) -> 1 | AF4: =DATE(B4,AE4,1) -> 41275
A5: Rural | B5: 2013 | C5: February | D5: 109.2 | E5: 108.7 | F5: 110.2 | G5: 105.4 | H5: 106.7 | I5: 104 | J5: 102.4 | K5: 105.9 | L5: 105.7 | M5: 103.1 | N5: 105.1 | O5: 107.7 | P5: 106.3 | Q5: 105.6 | R5: 107.1 | S5: 106.3 | T5: 107 | U5: 139.2 | V5: 106.2 | W5: 105.2 | X5: 104.4 | Y5: 103.9 | Z5: 104 | AA5: 104.1 | AB5: 104.6 | AC5: 104.4 | AD5: 105.8 | AE5: =IF(C5="January",1,IF(C5="February",2,IF(C5="March",3,IF(C5="April",4,IF(C5="May",5,IF(C5="June",6,IF(C5="July",7,IF(C5="August",8,IF(C5="September",9,IF(C5="October",10,IF(C5="November",11,IF(C5="December",12,"")))))))))))) -> 2 | AF5: =DATE(B5,AE5,1) -> 41306
A6: Urban | B6: 2013 | C6: February | D6: 112.9 | E6: 112.9 | F6: 116.9 | G6: 104 | H6: 103.5 | I6: 103.1 | J6: 104.9 | K6: 104.1 | L6: 103.8 | M6: 102.3 | N6: 106 | O6: 109 | P6: 107.2 | Q6: 106 | R6: 106.6 | S6: 105.5 | T6: 106.4 | U6: 100.4 | V6: 105.7 | W6: 105.2 | X6: 104.7 | Y6: 104.4 | Z6: 103.3 | AA6: 103.7 | AB6: 104.3 | AC6: 104.3 | AD6: 104.7 | AE6: =IF(C6="January",1,IF(C6="February",2,IF(C6="March",3,IF(C6="April",4,IF(C6="May",5,IF(C6="June",6,IF(C6="July",7,IF(C6="August",8,IF(C6="September",9,IF(C6="October",10,IF(C6="November",11,IF(C6="December",12,"")))))))))))) -> 2 | AF6: =DATE(B6,AE6,1) -> 41306
A7: Rural+Urban | B7: 2013 | C7: February | D7: 110.4 | E7: 110.2 | F7: 112.8 | G7: 104.9 | H7: 105.5 | I7: 103.6 | J7: 103.2 | K7: 105.3 | L7: 105.1 | M7: 102.8 | N7: 105.5 | O7: 108.3 | P7: 106.6 | Q7: 105.7 | R7: 106.9 | S7: 106 | T7: 106.8 | U7: 100.4 | V7: 106 | W7: 105.2 | X7: 104.5 | Y7: 104.2 | Z7: 103.6 | AA7: 103.9 | AB7: 104.5 | AC7: 104.4 | AD7: 105.3 | AE7: =IF(C7="January",1,IF(C7="February",2,IF(C7="March",3,IF(C7="April",4,IF(C7="May",5,IF(C7="June",6,IF(C7="July",7,IF(C7="August",8,IF(C7="September",9,IF(C7="October",10,IF(C7="November",11,IF(C7="December",12,"")))))))))))) -> 2 | AF7: =DATE(B7,AE7,1) -> 41306
A8: Rural | B8: 2013 | C8: March | D8: 110.2 | E8: 108.8 | F8: 109.9 | G8: 105.6 | H8: 106.2 | I8: 105.7 | J8: 101.4 | K8: 105.7 | L8: 105 | M8: 103.3 | N8: 105.6 | O8: 108.2 | P8: 106.6 | Q8: 106.5 | R8: 107.6 | S8: 106.8 | T8: 107.5 | U8: 139.2 | V8: 106.1 | W8: 105.6 | X8: 104.7 | Y8: 104.6 | Z8: 104 | AA8: 104.3 | AB8: 104.3 | AC8: 104.6 | AD8: 106 | AE8: =IF(C8="January",1,IF(C8="February",2,IF(C8="March",3,IF(C8="April",4,IF(C8="May",5,IF(C8="June",6,IF(C8="July",7,IF(C8="August",8,IF(C8="September",9,IF(C8="October",10,IF(C8="November",11,IF(C8="December",12,"")))))))))))) -> 3 | AF8: =DATE(B8,AE8,1) -> 41334
A9: Urban | B9: 2013 | C9: March | D9: 113.9 | E9: 111.4 | F9: 113.2 | G9: 104.3 | H9: 102.7 | I9: 104.9 | J9: 103.8 | K9: 103.5 | L9: 102.6 | M9: 102.4 | N9: 107 | O9: 109.8 | P9: 107.3 | Q9: 106.8 | R9: 107.2 | S9: 106 | T9: 107 | U9: 100.4 | V9: 106 | W9: 105.7 | X9: 105.2 | Y9: 105.5 | Z9: 103.5 | AA9: 103.8 | AB9: 104.2 | AC9: 104.9 | AD9: 105 | AE9: =IF(C9="January",1,IF(C9="February",2,IF(C9="March",3,IF(C9="April",4,IF(C9="May",5,IF(C9="June",6,IF(C9="July",7,IF(C9="August",8,IF(C9="September",9,IF(C9="October",10,IF(C9="November",11,IF(C9="December",12,"")))))))))))) -> 3 | AF9: =DATE(B9,AE9,1) -> 41334
A10: Rural+Urban | B10: 2013 | C10: March | D10: 111.4 | E10: 109.7 | F10: 111.2 | G10: 105.1 | H10: 104.9 | I10: 105.3 | J10: 102.2 | K10: 105 | L10: 104.2 | M10: 103 | N10: 106.2 | O10: 108.9 | P10: 106.9 | Q10: 106.6 | R10: 107.4 | S10: 106.5 | T10: 107.3 | U10: 100.4 | V10: 106.1 | W10: 105.6 | X10: 104.9 | Y10: 105.1 | Z10: 103.7 | AA10: 104 | AB10: 104.3 | AC10: 104.7 | AD10: 105.5 | AE10: =IF(C10="January",1,IF(C10="February",2,IF(C10="March",3,IF(C10="April",4,IF(C10="May",5,IF(C10="June",6,IF(C10="July",7,IF(C10="August",8,IF(C10="September",9,IF(C10="October",10,IF(C10="November",11,IF(C10="December",12,"")))))))))))) -> 3 | AF10: =DATE(B10,AE10,1) -> 41334
A11: Rural | B11: 2013 | C11: April | D11: 110.2 | E11: 109.5 | F11: 106.9 | G11: 106.3 | H11: 105.7 | I11: 108.3 | J11: 103.4 | K11: 105.7 | L11: 104.2 | M11: 103.2 | N11: 106.5 | O11: 108.8 | P11: 107.1 | Q11: 107.1 | R11: 108.1 | S11: 107.4 | T11: 108 | U11: 139.2 | V11: 106.5 | W11: 106.1 | X11: 105.1 | Y11: 104.4 | Z11: 104.5 | AA11: 104.8 | AB11: 102.7 | AC11: 104.6 | AD11: 106.4 | AE11: =IF(C11="January",1,IF(C11="February",2,IF(C11="March",3,IF(C11="April",4,IF(C11="May",5,IF(C11="June",6,IF(C11="July",7,IF(C11="August",8,IF(C11="September",9,IF(C11="October",10,IF(C11="November",11,IF(C11="December",12,"")))))))))))) -> 4 | AF11: =DATE(B11,AE11,1) -> 41365
A12: Urban | B12: 2013 | C12: April | D12: 114.6 | E12: 113.4 | F12: 106 | G12: 104.7 | H12: 102.1 | I12: 109.5 | J12: 109.7 | K12: 104.6 | L12: 102 | M12: 103.5 | N12: 108.2 | O12: 110.6 | P12: 108.8 | Q12: 108.5 | R12: 107.9 | S12: 106.4 | T12: 107.7 | U12: 100.5 | V12: 106.4 | W12: 106.5 | X12: 105.7 | Y12: 105 | Z12: 104 | AA12: 105.2 | AB12: 103.2 | AC12: 105.1 | AD12: 105.7 | AE12: =IF(C12="January",1,IF(C12="February",2,IF(C12="March",3,IF(C12="April",4,IF(C12="May",5,IF(C12="June",6,IF(C12="July",7,IF(C12="August",8,IF(C12="September",9,IF(C12="October",10,IF(C12="November",11,IF(C12="December",12,"")))))))))))) -> 4 | AF12: =DATE(B12,AE12,1) -> 41365
A13: Rural+Urban | B13: 2013 | C13: April | D13: 111.6 | E13: 110.9 | F13: 106.6 | G13: 105.7 | H13: 104.4 | I13: 108.9 | J13: 105.5 | K13: 105.3 | L13: 103.5 | M13: 103.3 | N13: 107.2 | O13: 109.6 | P13: 107.7 | Q13: 107.5 | R13: 108 | S13: 107 | T13: 107.9 | U13: 100.5 | V13: 106.5 | W13: 106.3 | X13: 105.3 | Y13: 104.7 | Z13: 104.2 | AA13: 105 | AB13: 102.9 | AC13: 104.8 | AD13: 106.1 | AE13: =IF(C13="January",1,IF(C13="February",2,IF(C13="March",3,IF(C13="April",4,IF(C13="May",5,IF(C13="June",6,IF(C13="July",7,IF(C13="August",8,IF(C13="September",9,IF(C13="October",10,IF(C13="November",11,IF(C13="December",12,"")))))))))))) -> 4 | AF13: =DATE(B13,AE13,1) -> 41365
... A31: Rural+Urban | B31: 2013 | C31: October | D31: 117.1 | E31: 116.3 | F31: 113.3 | G31: 111.2 | H31: 105.7 | I31: 109.9 | J31: 171.2 | K31: 107.3 | L31: 102.7 | M31: 108.7 | N31: 111.2 | O31: 115.4 | P31: 120.2 | Q31: 112.5 | R31: 113.2 | S31: 111.2 | T31: 112.8 | U31: 110.5 | V31: 110.9 | W31: 110.3 | X31: 108.6 | Y31: 109.5 | Z31: 108.1 | AA31: 110.8 | AB31: 107.4 | AC31: 109.2 | AD31: 114.8 | AE31: =IF(C31="January",1,IF(C31="February",2,IF(C31="March",3,IF(C31="April",4,IF(C31="May",5,IF(C31="June",6,IF(C31="July",7,IF(C31="August",8,IF(C31="September",9,IF(C31="October",10,IF(C31="November",11,IF(C31="December",12,"")))))))))))) -> 10 | AF31: =DATE(B31,AE31,1) -> 41548
A32: Rural | B32: 2013 | C32: November | D32: 117.3 | E32: 114.9 | F32: 116.2 | G32: 112.8 | H32: 108.9 | I32: 116.6 | J32: 178.1 | K32: 109.1 | L32: 103.6 | M32: 109 | N32: 111.8 | O32: 116 | P32: 122.5 | Q32: 112.8 | R32: 114.6 | S32: 113.1 | T32: 114.4 | U32: 139.2 | V32: 112.6 | W32: 111.3 | X32: 109.7 | Y32: 109.6 | Z32: 108.7 | AA32: 111 | AB32: 108.2 | AC32: 109.8 | AD32: 117.4 | AE32: 11 | AF32: =DATE(B32,AE32,1) -> 41579
A33: Urban | B33: 2013 | C33: November | D33: 119.8 | E33: 116.3 | F33: 122.6 | G33: 112 | H33: 103.2 | I33: 110 | J33: 192.8 | K33: 106.3 | L33: 99.5 | M33: 110.3 | N33: 111.8 | O33: 117.1 | P33: 122.9 | Q33: 114.1 | R33: 113.5 | S33: 110.3 | T33: 113 | U33: 111.1 | V33: 110 | W33: 110.9 | X33: 108.6 | Y33: 109.5 | Z33: 108.5 | AA33: 111.3 | AB33: 107.9 | AC33: 109.6 | AD33: 115 | AE33: =IF(C33="January",1,IF(C33="February",2,IF(C33="March",3,IF(C33="April",4,IF(C33="May",5,IF(C33="June",6,IF(C33="July",7,IF(C33="August",8,IF(C33="September",9,IF(C33="October",10,IF(C33="November",11,IF(C33="December",12,"")))))))))))) -> 11 | AF33: =DATE(B33,AE33,1) -> 41579
A34: Rural+Urban | B34: 2013 | C34: November | D34: 118.1 | E34: 115.4 | F34: 118.7 | G34: 112.5 | H34: 106.8 | I34: 113.5 | J34: 183.1 | K34: 108.2 | L34: 102.2 | M34: 109.4 | N34: 111.8 | O34: 116.5 | P34: 122.6 | Q34: 113.1 | R34: 114.2 | S34: 111.9 | T34: 113.8 | U34: 111.1 | V34: 111.6 | W34: 111.1 | X34: 109.3 | Y34: 109.5 | Z34: 108.6 | AA34: 111.2 | AB34: 108.1 | AC34: 109.7 | AD34: 116.3 | AE34: =IF(C34="January",1,IF(C34="February",2,IF(C34="March",3,IF(C34="April",4,IF(C34="May",5,IF(C34="June",6,IF(C34="July",7,IF(C34="August",8,IF(C34="September",9,IF(C34="October",10,IF(C34="November",11,IF(C34="December",12,"")))))))))))) -> 11 | AF34: =DATE(B34,AE34,1) -> 41579
A35: Rural | B35: 2013 | C35: December | D35: 118.4 | E35: 115.9 | F35: 120.4 | G35: 113.8 | H35: 109.5 | I35: 115.5 | J35: 145.7 | K35: 109.5 | L35: 102.9 | M35: 109.8 | N35: 112.1 | O35: 116.8 | P35: 118.7 | Q35: 113.6 | R35: 115.8 | S35: 114 | T35: 115.5 | U35: 139.2 | V35: 112.8 | W35: 112.1 | X35: 110.1 | Y35: 109.9 | Z35: 109.2 | AA35: 111.6 | AB35: 108.1 | AC35: 110.1 | AD35: 115.5 | AE35: =IF(C35="January",1,IF(C35="February",2,IF(C35="March",3,IF(C35="April",4,IF(C35="May",5,IF(C35="June",6,IF(C35="July",7,IF(C35="August",8,IF(C35="September",9,IF(C35="October",10,IF(C35="November",11,IF(C35="December",12,"")))))))))))) -> 12 | AF35: =DATE(B35,AE35,1) -> 41609
A36: Urban | B36: 2013 | C36: December | D36: 120.5 | E36: 118.1 | F36: 128.5 | G36: 112.8 | H36: 103.4 | I36: 110.7 | J36: 144.8 | K36: 107.1 | L36: 98.6 | M36: 111.9 | N36: 112.1 | O36: 118.1 | P36: 117.8 | Q36: 115 | R36: 114.2 | S36: 110.9 | T36: 113.7 | U36: 110.7 | V36: 110.4 | W36: 111.3 | X36: 109 | Y36: 109.7 | Z36: 108.9 | AA36: 111.4 | AB36: 107.7 | AC36: 109.8 | AD36: 113.3 | AE36: =IF(C36="January",1,IF(C36="February",2,IF(C36="March",3,IF(C36="April",4,IF(C36="May",5,IF(C36="June",6,IF(C36="July",7,IF(C36="August",8,IF(C36="September",9,IF(C36="October",10,IF(C36="November",11,IF(C36="December",12,"")))))))))))) -> 12 | AF36: =DATE(B36,AE36,1) -> 41609
A37: Rural+Urban | B37: 2013 | C37: December | D37: 119.1 | E37: 116.7 | F37: 123.5 | G37: 113.4 | H37: 107.3 | I37: 113.3 | J37: 145.4 | K37: 108.7 | L37: 101.5 | M37: 110.5 | N37: 112.1 | O37: 117.4 | P37: 118.4 | Q37: 114 | R37: 115.2 | S37: 112.7 | T37: 114.8 | U37: 110.7 | V37: 111.9 | W37: 111.7 | X37: 109.7 | Y37: 109.8 | Z37: 109 | AA37: 111.5 | AB37: 107.9 | AC37: 110 | AD37: 114.5 | AE37: =IF(C37="January",1,IF(C37="February",2,IF(C37="March",3,IF(C37="April",4,IF(C37="May",5,IF(C37="June",6,IF(C37="July",7,IF(C37="August",8,IF(C37="September",9,IF(C37="October",10,IF(C37="November",11,IF(C37="December",12,"")))))))))))) -> 12 | AF37: =DATE(B37,AE37,1) -> 41609
A38: Rural | B38: 2014 | C38: January | D38: 118.9 | E38: 117.1 | F38: 120.5 | G38: 114.4 | H38: 109 | I38: 115.5 | J38: 123.9 | K38: 109.6 | L38: 101.8 | M38: 110.2 | N38: 112.4 | O38: 117.3 | P38: 116 | Q38: 114 | R38: 116.5 | S38: 114.5 | T38: 116.2 | U38: 139.2 | V38: 113 | W38: 112.6 | X38: 110.6 | Y38: 110.5 | Z38: 109.6 | AA38: 111.8 | AB38: 108.3 | AC38: 110.6 | AD38: 114.2 | AE38: =IF(C38="January",1,IF(C38="February",2,IF(C38="March",3,IF(C38="April",4,IF(C38="May",5,IF(C38="June",6,IF(C38="July",7,IF(C38="August",8,IF(C38="September",9,IF(C38="October",10,IF(C38="November",11,IF(C38="December",12,"")))))))))))) -> 1 | AF38: =DATE(B38,AE38,1) -> 41640
A39: Urban | B39: 2014 | C39: January | D39: 121.2 | E39: 122 | F39: 129.9 | G39: 113.6 | H39: 102.9 | I39: 112.1 | J39: 118.9 | K39: 107.5 | L39: 96.9 | M39: 112.7 | N39: 112.1 | O39: 119 | P39: 115.5 | Q39: 115.7 | R39: 114.8 | S39: 111.3 | T39: 114.3 | U39: 111.6 | V39: 111 | W39: 111.9 | X39: 109.7 | Y39: 110.8 | Z39: 109.8 | AA39: 111.5 | AB39: 108 | AC39: 110.5 | AD39: 112.9 | AE39: =IF(C39="January",1,IF(C39="February",2,IF(C39="March",3,IF(C39="April",4,IF(C39="May",5,IF(C39="June",6,IF(C39="July",7,IF(C39="August",8,IF(C39="September",9,IF(C39="October",10,IF(C39="November",11,IF(C39="December",12,"")))))))))))) -> 1 | AF39: =DATE(B39,AE39,1) -> 41640
A40: Rural+Urban | B40: 2014 | C40: January | D40: 119.6 | E40: 118.8 | F40: 124.1 | G40: 114.1 | H40: 106.8 | I40: 113.9 | J40: 122.2 | K40: 108.9 | L40: 100.2 | M40: 111 | N40: 112.3 | O40: 118.1 | P40: 115.8 | Q40: 114.5 | R40: 115.8 | S40: 113.2 | T40: 115.4 | U40: 111.6 | V40: 112.2 | W40: 112.3 | X40: 110.3 | Y40: 110.7 | Z40: 109.7 | AA40: 111.6 | AB40: 108.2 | AC40: 110.6 | AD40: 113.6 | AE40: =IF(C40="January",1,IF(C40="February",2,IF(C40="March",3,IF(C40="April",4,IF(C40="May",5,IF(C40="June",6,IF(C40="July",7,IF(C40="August",8,IF(C40="September",9,IF(C40="October",10,IF(C40="November",11,IF(C40="December",12,"")))))))))))) -> 1 | AF40: =DATE(B40,AE40,1) -> 41640
A41: Rural | B41: 2014 | C41: February | D41: 119.4 | E41: 117.7 | F41: 121.2 | G41: 115 | H41: 109 | I41: 116.6 | J41: 116 | K41: 109.8 | L41: 101.1 | M41: 110.4 | N41: 112.9 | O41: 117.8 | P41: 115.3 | Q41: 114.2 | R41: 117.1 | S41: 114.5 | T41: 116.7 | U41: 139.2 | V41: 113.2 | W41: 112.9 | X41: 110.9 | Y41: 110.8 | Z41: 109.9 | AA41: 112 | AB41: 108.7 | AC41: 110.9 | AD41: 114 | AE41: =IF(C41="January",1,IF(C41="February",2,IF(C41="March",3,IF(C41="April",4,IF(C41="May",5,IF(C41="June",6,IF(C41="July",7,IF(C41="August",8,IF(C41="September",9,IF(C41="October",10,IF(C41="November",11,IF(C41="December",12,"")))))))))))) -> 2 | AF41: =DATE(B41,AE41,1) -> 41671
A42: Urban | B42: 2014 | C42: February | D42: 121.9 | E42: 122 | F42: 124.5 | G42: 115.2 | H42: 102.5 | I42: 114.1 | J42: 111.5 | K42: 108.2 | L42: 95.4 | M42: 113.5 | N42: 112.1 | O42: 119.9 | P42: 115.2 | Q42: 116.2 | R42: 115.3 | S42: 111.7 | T42: 114.7 | U42: 112.5 | V42: 111.1 | W42: 112.6 | X42: 110.4 | Y42: 111.3 | Z42: 110.3 | AA42: 111.6 | AB42: 108.7 | AC42: 111 | AD42: 113.1 | AE42: =IF(C42="January",1,IF(C42="February",2,IF(C42="March",3,IF(C42="April",4,IF(C42="May",5,IF(C42="June",6,IF(C42="July",7,IF(C42="August",8,IF(C42="September",9,IF(C42="October",10,IF(C42="November",11,IF(C42="December",12,"")))))))))))) -> 2 | AF42: =DATE(B42,AE42,1) -> 41671
A43: Rural+Urban | B43: 2014 | C43: February | D43: 120.2 | E43: 119.2 | F43: 122.5 | G43: 115.1 | H43: 106.6 | I43: 115.4 | J43: 114.5 | K43: 109.3 | L43: 99.2 | M43: 111.4 | N43: 112.6 | O43: 118.8 | P43: 115.3 | Q43: 114.7 | R43: 116.4 | S43: 113.3 | T43: 115.9 | U43: 112.5 | V43: 112.4 | W43: 112.8 | X43: 110.7 | Y43: 111.1 | Z43: 110.1 | AA43: 111.8 | AB43: 108.7 | AC43: 110.9 | AD43: 113.6 | AE43: =IF(C43="January",1,IF(C43="February",2,IF(C43="March",3,IF(C43="April",4,IF(C43="May",5,IF(C43="June",6,IF(C43="July",7,IF(C43="August",8,IF(C43="September",9,IF(C43="October",10,IF(C43="November",11,IF(C43="December",12,"")))))))))))) -> 2 | AF43: =DATE(B43,AE43,1) -> 41671
A44: Rural | B44: 2014 | C44: March | D44: 120.1 | E44: 118.1 | F44: 120.7 | G44: 116.1 | H44: 109.3 | I44: 119.6 | J44: 117.9 | K44: 110.2 | L44: 101.2 | M44: 110.7 | N44: 113 | O44: 118.3 | P44: 116.2 | Q44: 114.6 | R44: 117.5 | S44: 114.9 | T44: 117.2 | U44: 139.2 | V44: 113.4 | W44: 113.4 | X44: 111.4 | Y44: 111.2 | Z44: 110.2 | AA44: 112.4 | AB44: 108.9 | AC44: 111.3 | AD44: 114.6 | AE44: =IF(C44="January",1,IF(C44="February",2,IF(C44="March",3,IF(C44="April",4,IF(C44="May",5,IF(C44="June",6,IF(C44="July",7,IF(C44="August",8,IF(C44="September",9,IF(C44="October",10,IF(C44="November",11,IF(C44="December",12,"")))))))))))) -> 3 | AF44: =DATE(B44,AE44,1) -> 41699
... A373: Rural+Urban | B373: 2023 | C373: May | D373: 173.7 | E373: 214.3 | F373: 173.2 | G373: 179.5 | H373: 170 | I373: 172.2 | J373: 161 | K373: 175.6 | L373: 122.7 | M373: 218 | N373: 173.4 | O373: 194.2 | P373: 179.1 | Q373: 201 | R373: 187.3 | S373: 179.7 | T373: 186.2 | U373: 175.6 | V373: 182.8 | W373: 175.2 | X373: 185.7 | Y373: 164.8 | Z373: 171.2 | AA373: 177.1 | AB373: 185.2 | AC373: 175.7 | AD373: 179.1 | AE373: =IF(C373="January",1,IF(C373="February",2,IF(C373="March",3,IF(C373="April",4,IF(C373="May",5,IF(C373="June",6,IF(C373="July",7,IF(C373="August",8,IF(C373="September",9,IF(C373="October",10,IF(C373="November",11,IF(C373="December",12,"")))))))))))) -> 5 | AF373: =DATE(B373,AE373,1) -> 45047

Sheet Rural+Urban
A1: Sector | B1: Cereals and products | C1: Meat and fish | D1: Egg | E1: Milk and products | F1: Oils and fats | G1: Fruits | H1: Vegetables | I1: Pulses and products | J1: Sugar and Confectionery | K1: Spices | L1: Non-alcoholic beverages | M1: Prepared meals, snacks, sweets etc. | N1: Food and beverages | O1: Pan, tobacco and intoxicants | P1: Clothing | Q1: Footwear | R1: Clothing and footwear | S1: Housing | T1: Fuel and light | U1: Household goods and services | V1: Health | W1: Transport and communication | X1: Recreation and amusement | Y1: Education | Z1: Personal care and effects | AA1: Miscellaneous | AB1: General index | AC1: Month NO. | AD1: Date
A2: Rural+Urban | B2: 108.4 | C2: 107.3 | D2: 110 | E2: 104.4 | F2: 105.1 | G2: 103.2 | H2: 102.2 | I2: 106 | J2: 106.2 | K2: 102.7 | L2: 104.9 | M2: 107.3 | N2: 105.6 | O2: 105.1 | P2: 106.3 | Q2: 105.5 | R2: 106.2 | S2: 100.3 | T2: 105.5 | U2: 104.8 | V2: 104 | W2: 103.2 | X2: 103.1 | Y2: 103.6 | Z2: 104.5 | AA2: 103.9 | AB2: 104.6 | AC2: 1 | AD2: 41275
A3: Rural+Urban | B3: 110.4 | C3: 110.2 | D3: 112.8 | E3: 104.9 | F3: 105.5 | G3: 103.6 | H3: 103.2 | I3: 105.3 | J3: 105.1 | K3: 102.8 | L3: 105.5 | M3: 108.3 | N3: 106.6 | O3: 105.7 | P3: 106.9 | Q3: 106 | R3: 106.8 | S3: 100.4 | T3: 106 | U3: 105.2 | V3: 104.5 | W3: 104.2 | X3: 103.6 | Y3: 103.9 | Z3: 104.5 | AA3: 104.4 | AB3: 105.3 | AC3: 2 | AD3: 41306
A4: Rural+Urban | B4: 111.4 | C4: 109.7 | D4: 111.2 | E4: 105.1 | F4: 104.9 | G4: 105.3 | H4: 102.2 | I4: 105 | J4: 104.2 | K4: 103 | L4: 106.2 | M4: 108.9 | N4: 106.9 | O4: 106.6 | P4: 107.4 | Q4: 106.5 | R4: 107.3 | S4: 100.4 | T4: 106.1 | U4: 105.6 | V4: 104.9 | W4: 105.1 | X4: 103.7 | Y4: 104 | Z4: 104.3 | AA4: 104.7 | AB4: 105.5 | AC4: 3 | AD4: 41334
A5: Rural+Urban | B5: 111.6 | C5: 110.9 | D5: 106.6 | E5: 105.7 | F5: 104.4 | G5: 108.9 | H5: 105.5 | I5: 105.3 | J5: 103.5 | K5: 103.3 | L5: 107.2 | M5: 109.6 | N5: 107.7 | O5: 107.5 | P5: 108 | Q5: 107 | R5: 107.9 | S5: 100.5 | T5: 106.5 | U5: 106.3 | V5: 105.3 | W5: 104.7 | X5: 104.2 | Y5: 105 | Z5: 102.9 | AA5: 104.8 | AB5: 106.1 | AC5: 4 | AD5: 41365
A6: Rural+Urban | B6: 112.3 | C6: 111.3 | D6: 104.7 | E6: 106.8 | F6: 103.9 | G6: 109.3 | H6: 112.9 | I6: 105.8 | J6: 103.1 | K6: 104.3 | L6: 108.1 | M6: 110.5 | N6: 109.2 | O6: 108.6 | P6: 108.7 | Q6: 107.4 | R6: 108.5 | S6: 100.5 | T6: 107.4 | U6: 106.9 | V6: 105.9 | W6: 104 | X6: 104.8 | Y6: 105.6 | Z6: 102.3 | AA6: 104.8 | AB6: 106.9 | AC6: 5 | AD6: 41395
A7: Rural+Urban | B7: 113.8 | C7: 114.9 | D7: 109.8 | E7: 107.9 | F7: 104.2 | G7: 110.7 | H7: 126.7 | I7: 106.3 | J7: 103.2 | K7: 105.7 | L7: 109 | M7: 111.6 | N7: 112.2 | O7: 109.5 | P7: 109.5 | Q7: 108.1 | R7: 109.3 | S7: 106.6 | T7: 108.3 | U7: 107.6 | V7: 106.4 | W7: 105.1 | X7: 105.4 | Y7: 107.4 | Z7: 102.8 | AA7: 105.8 | AB7: 109.3 | AC7: 6 | AD7: 41426
A8: Rural+Urban | B8: 114.8 | C8: 116.4 | D8: 111.9 | E8: 108.9 | F8: 104.3 | G8: 111.7 | H8: 140 | I8: 106.4 | J8: 103.3 | K8: 106.8 | L8: 109.6 | M8: 112.6 | N8: 114.7 | O8: 110.3 | P8: 110.2 | Q8: 108.8 | R8: 110 | S8: 107.7 | T8: 109.2 | U8: 108.2 | V8: 107 | W8: 107.1 | X8: 106.1 | Y8: 109.1 | Z8: 102.8 | AA8: 106.9 | AB8: 111 | AC8: 7 | AD8: 41456
A9: Rural+Urban | B9: 115.6 | C9: 117.2 | D9: 111.7 | E9: 109.6 | F9: 104.5 | G9: 109.8 | H9: 151.8 | I9: 106.5 | J9: 103.1 | K9: 107.4 | L9: 110.2 | M9: 113.4 | N9: 116.6 | O9: 111.2 | P9: 111 | Q9: 109.4 | R9: 110.7 | S9: 108.9 | T9: 109.7 | U9: 108.7 | V9: 107.5 | W9: 108 | X9: 106.6 | Y9: 109.9 | Z9: 105.4 | AA9: 107.9 | AB9: 112.4 | AC9: 8 | AD9: 41487
A10: Rural+Urban | B10: 116.4 | C10: 116.9 | D10: 112.3 | E10: 110.5 | F10: 105.3 | G10: 107.3 | H10: 160.9 | I10: 107.1 | J10: 103.1 | K10: 108.3 | L10: 110.7 | M10: 114.6 | N10: 118.3 | O10: 112 | P10: 112.2 | Q10: 110.4 | R10: 111.9 | S10: 109.7 | T10: 110.5 | U10: 109.6 | V10: 108.1 | W10: 109.9 | X10: 107.5 | Y10: 110.6 | Z10: 106.8 | AA10: 109 | AB10: 113.7 | AC10: 9 | AD10: 41518
A11: Rural+Urban | B11: 117.1 | C11: 116.3 | D11: 113.3 | E11: 111.2 | F11: 105.7 | G11: 109.9 | H11: 171.2 | I11: 107.3 | J11: 102.7 | K11: 108.7 | L11: 111.2 | M11: 115.4 | N11: 120.2 | O11: 112.5 | P11: 113.2 | Q11: 111.2 | R11: 112.8 | S11: 110.5 | T11: 110.9 | U11: 110.3 | V11: 108.6 | W11: 109.5 | X11: 108.1 | Y11: 110.8 | Z11: 107.4 | AA11: 109.2 | AB11: 114.8 | AC11: 10 | AD11: 41548
A12: Rural+Urban | B12: 118.1 | C12: 115.4 | D12: 118.7 | E12: 112.5 | F12: 106.8 | G12: 113.5 | H12: 183.1 | I12: 108.2 | J12: 102.2 | K12: 109.4 | L12: 111.8 | M12: 116.5 | N12: 122.6 | O12: 113.1 | P12: 114.2 | Q12: 111.9 | R12: 113.8 | S12: 111.1 | T12: 111.6 | U12: 111.1 | V12: 109.3 | W12: 109.5 | X12: 108.6 | Y12: 111.2 | Z12: 108.1 | AA12: 109.7 | AB12: 116.3 | AC12: 11 | AD12: 41579
A13: Rural+Urban | B13: 119.1 | C13: 116.7 | D13: 123.5 | E13: 113.4 | F13: 107.3 | G13: 113.3 | H13: 145.4 | I13: 108.7 | J13: 101.5 | K13: 110.5 | L13: 112.1 | M13: 117.4 | N13: 118.4 | O13: 114 | P13: 115.2 | Q13: 112.7 | R13: 114.8 | S13: 110.7 | T13: 111.9 | U13: 111.7 | V13: 109.7 | W13: 109.8 | X13: 109 | Y13: 111.5 | Z13: 107.9 | AA13: 110 | AB13: 114.5 | AC13: 12 | AD13: 41609
... A125: Rural+Urban | B125: 173.7 | C125: 214.3 | D125: 173.2 | E125: 179.5 | F125: 170 | G125: 172.2 | H125: 161 | I125: 175.6 | J125: 122.7 | K125: 218 | L125: 173.4 | M125: 194.2 | N125: 179.1 | O125: 201 | P125: 187.3 | Q125: 179.7 | R125: 186.2 | S125: 175.6 | T125: 182.8 | U125: 175.2 | V125: 185.7 | W125: 164.8 | X125: 171.2 | Y125: 177.1 | Z125: 185.2 | AA125: 175.7 | AB125: 179.1 | AC125: 5 | AD125: 45047

Sheet Q1_Basket_Contribution
A1: Latest Month Contribution Using Equal-Weight Board Bucket
A2: Board buckets | B2: Broader buckets2 | C2: Contribution | E2: Sector | F2: Cereals and products | G2: Meat and fish | H2: Egg | I2: Milk and products | J2: Oils and fats | K2: Fruits | L2: Vegetables | M2: Pulses and products | N2: Sugar and Confectionery | O2: Spices | P2: Non-alcoholic beverages | Q2: Prepared meals, snacks, sweets etc. | R2: Food and beverages | S2: Pan, tobacco and intoxicants | T2: Clothing | U2: Footwear | V2: Clothing and footwear | W2: Housing | X2: Fuel and light | Y2: Household goods and services | Z2: Health | AA2: Transport and communication | AB2: Recreation and amusement | AC2: Education | AD2: Personal care and effects | AE2: Miscellaneous | AF2: General index | AG2: Month NO. | AH2: Date
A3: Food | B3: =AVERAGE(F3:Q3) -> 177.31667 | C3: =B3/$B$14 -> 0.089510172 | E3: Rural+Urban | F3: 173.7 | G3: 214.3 | H3: 173.2 | I3: 179.5 | J3: 170 | K3: 172.2 | L3: 161 | M3: 175.6 | N3: 122.7 | O3: 218 | P3: 173.4 | Q3: 194.2 | R3: 179.1 | S3: 201 | T3: 187.3 | U3: 179.7 | V3: 186.2 | W3: 175.6 | X3: 182.8 | Y3: 175.2 | Z3: 185.7 | AA3: 164.8 | AB3: 171.2 | AC3: 177.1 | AD3: 185.2 | AE3: 175.7 | AF3: 179.1 | AG3: 5 | AH3: 45047
A4: Pan/Tabacco | B4: =S3 -> 201 | C4: =B4/$B$14 -> 0.10146561
A5: Clothing | B5: =AVERAGE(T3:U3) -> 183.5 | C5: =B5/$B$14 -> 0.092631544
A6: Housing | B6: =W3 -> 175.6 | C6: =B6/$B$14 -> 0.088643592
A7: Energy | B7: =X3 -> 182.8 | C7: =B7/$B$14 -> 0.092278181
A8: Household | B8: =Y3 -> 175.2 | C8: =B8/$B$14 -> 0.08844167
A9: Health | B9: =Z3 -> 185.7 | C9: =B9/$B$14 -> 0.093742112
A10: Transport | B10: =AA3 -> 164.8 | C10: =B10/$B$14 -> 0.083191708
A11: Education/Recreation | B11: =AVERAGE(AB3:AC3) -> 174.15 | C11: =B11/$B$14 -> 0.087911626
A12: Personal Care | B12: =AD3 -> 185.2 | C12: =B12/$B$14 -> 0.09348971
A13: Miscellaneous | B13: =AE3 -> 175.7 | C13: =B13/$B$14 -> 0.088694072
A14: Sum | B14: =SUM(B3:B13) -> 1980.9667

Sheet Q2_YoY Trend
A1: Sector | B1: Year | C1: General index | D1: Date | E1: Genearl YoY% | F1: year | G1: Avg YoY%
A2: Rural+Urban | B2: 2017 | C2: 130.3 | D2: 42736 | E2: 3.1670625 | F2: 2017 | G2: =AVERAGEIFS($E:$E,$B:$B,'Q2_YoY Trend'!F2) -> 3.3273885 | I2: 2022 Shows the Highest Average Inflation in the Analysis period
A3: Rural+Urban | B3: 2017 | C3: 130.6 | D3: 42767 | E3: 3.6507937 | F3: 2018 | G3: =AVERAGEIFS($E:$E,$B:$B,'Q2_YoY Trend'!F3) -> 3.9676972
A4: Rural+Urban | B4: 2017 | C4: 130.9 | D4: 42795 | E4: 3.8888889 | F4: 2019 | G4: =AVERAGEIFS($E:$E,$B:$B,'Q2_YoY Trend'!F4) -> 3.972956
A5: Rural+Urban | B5: 2017 | C5: 131.1 | D5: 42826 | E5: 2.9850746 | F5: 2020 | G5: =AVERAGEIFS($E:$E,$B:$B,'Q2_YoY Trend'!F5) -> 6.3156967
A6: Rural+Urban | B6: 2017 | C6: 131.4 | D6: 42856 | E6: 2.1772939 | F6: 2022 | G6: =AVERAGEIFS($E:$E,$B:$B,'Q2_YoY Trend'!F6) -> 6.624065
A7: Rural+Urban | B7: 2017 | C7: 132 | D7: 42887 | E7: 1.4604151 | F7: 2023 | G7: =AVERAGEIFS($E:$E,$B:$B,'Q2_YoY Trend'!F7) -> 5.5756722
A8: Rural+Urban | B8: 2017 | C8: 134.2 | D8: 42917 | E8: 2.3646072
A9: Rural+Urban | B9: 2017 | C9: 135.4 | D9: 42948 | E9: 3.279939
A10: Rural+Urban | B10: 2017 | C10: 135.2 | D10: 42979 | E10: 3.2849503
A11: Rural+Urban | B11: 2017 | C11: 136.1 | D11: 43009 | E11: 3.5768645
A12: Rural+Urban | B12: 2017 | C12: 137.6 | D12: 43040 | E12: 4.8780488
A13: Rural+Urban | B13: 2017 | C13: 137.2 | D13: 43070 | E13: 5.2147239
A14: Rural+Urban | B14: 2018 | C14: 136.9 | D14: 43101 | E14: 5.0652341
A15: Rural+Urban | B15: 2018 | C15: 136.4 | D15: 43132 | E15: 4.4410413
A16: Rural+Urban | B16: 2018 | C16: 136.5 | D16: 43160 | E16: 4.2780749
A17: Rural+Urban | B17: 2018 | C17: 137.1 | D17: 43191 | E17: 4.576659
A18: Rural+Urban | B18: 2018 | C18: 137.8 | D18: 43221 | E18: 4.870624
A19: Rural+Urban | B19: 2018 | C19: 138.5 | D19: 43252 | E19: 4.9242424
A20: Rural+Urban | B20: 2018 | C20: 139.8 | D20: 43282 | E20: 4.1728763 | I20: Food, Fuel,and transport pressure were key Drivers
A21: Rural+Urban | B21: 2018 | C21: 140.4 | D21: 43313 | E21: 3.6927622
A22: Rural+Urban | B22: 2018 | C22: 140.2 | D22: 43344 | E22: 3.6982249
A23: Rural+Urban | B23: 2018 | C23: 140.8 | D23: 43374 | E23: 3.4533431
A24: Rural+Urban | B24: 2018 | C24: 140.8 | D24: 43405 | E24: 2.3255814
A25: Rural+Urban | B25: 2018 | C25: 140.1 | D25: 43435 | E25: 2.1137026
A26: Rural+Urban | B26: 2019 | C26: 139.6 | D26: 43466 | E26: 1.9722425
A27: Rural+Urban | B27: 2019 | C27: 139.9 | D27: 43497 | E27: 2.5659824
A28: Rural+Urban | B28: 2019 | C28: 140.4 | D28: 43525 | E28: 2.8571429
A29: Rural+Urban | B29: 2019 | C29: 142 | D29: 43586 | E29: 3.5740336
A30: Rural+Urban | B30: 2019 | C30: 142.9 | D30: 43617 | E30: 3.701016
A31: Rural+Urban | B31: 2019 | C31: 144.2 | D31: 43647 | E31: 4.1155235
A32: Rural+Urban | B32: 2019 | C32: 145 | D32: 43678 | E32: 3.7195994
... A77: Rural+Urban | B77: 2023 | C77: 179.1 | D77: 45047 | E77: 4.3098427

Sheet  Q3_Food_Analysis
A1: Sector | B1: Year | C1: Month | D1: Cereals and products | E1: Meat and fish | F1: Egg | G1: Milk and products | H1: Oils and fats | I1: Fruits | J1: Vegetables | K1: Pulses and products | L1: Sugar and Confectionery | M1: Spices | N1: Non-alcoholic beverages | O1: Prepared meals, snacks, sweets etc. | P1: Food and beverages | Q1: Pan, tobacco and intoxicants | R1: Clothing | S1: Footwear | T1: Clothing and footwear | U1: Housing | V1: Fuel and light | W1: Household goods and services | X1: Health | Y1: Transport and communication | Z1: Recreation and amusement | AA1: Education | AB1: Personal care and effects | AC1: Miscellaneous | AD1: General index | AE1: Date | AF1: Food_Index | AG1: Food MoM%
A2: Rural+Urban | B2: 2022 | C2: June | D2: 155 | E2: 219.4 | F2: 170.8 | G2: 165.8 | H2: 200.9 | I2: 169.7 | J2: 182.3 | K2: 164.3 | L2: 119.9 | M2: 187.1 | N2: 167.9 | O2: 183.9 | P2: 174.9 | Q2: 194.3 | R2: 177.1 | S2: 169.9 | T2: 176 | U2: 166.8 | V2: 176 | W2: 166.4 | X2: 175.4 | Y2: 161.1 | Z2: 165.8 | AA2: 169 | AB2: 169.4 | AC2: 167.5 | AD2: 172.6 | AE2: 44713 | AF2: =AVERAGE(D2:O2) -> 173.91667
A3: Rural+Urban | B3: 2022 | C3: July | D3: 156.5 | E3: 213 | F3: 175.2 | G3: 166.6 | H3: 195.8 | I3: 174.2 | J3: 182.1 | K3: 164.3 | L3: 120 | M3: 190 | N3: 168.4 | O3: 185.2 | P3: 175 | Q3: 194.6 | R3: 178.3 | S3: 171.3 | T3: 177.3 | U3: 167.8 | V3: 179.6 | W3: 167.4 | X3: 176.1 | Y3: 161.6 | Z3: 166.3 | AA3: 171.4 | AB3: 169.7 | AC3: 168.4 | AD3: 173.4 | AE3: 44743 | AF3: =AVERAGE(D3:O3) -> 174.275 | AG3: =((AF3-AF2)/AF2)*100 -> 0.20603737
A4: Rural+Urban | B4: 2022 | C4: August | D4: 160.3 | E4: 206.5 | F4: 169.2 | G4: 168.1 | H4: 192.4 | I4: 172.9 | J4: 186.7 | K4: 167.2 | L4: 120.9 | M4: 193.6 | N4: 168.8 | O4: 186.3 | P4: 176.3 | Q4: 195 | R4: 179.5 | S4: 172.7 | T4: 178.5 | U4: 169 | V4: 178.8 | W4: 168.5 | X4: 176.8 | Y4: 161.9 | Z4: 166.9 | AA4: 172.3 | AB4: 171.2 | AC4: 169.1 | AD4: 174.3 | AE4: 44774 | AF4: =AVERAGE(D4:O4) -> 174.40833 | AG4: =((AF4-AF3)/AF3)*100 -> 0.076507436
A5: Rural+Urban | B5: 2022 | C5: September | D5: 163.5 | E5: 209.2 | F5: 169.7 | G5: 169.7 | H5: 188.7 | I5: 165.7 | J5: 191.8 | K5: 169.1 | L5: 121.6 | M5: 197.3 | N5: 169.4 | O5: 187.4 | P5: 177.8 | Q5: 195.9 | R5: 180.9 | S5: 174.3 | T5: 179.9 | U5: 169.5 | V5: 179.5 | W5: 169.5 | X5: 177.8 | Y5: 162.3 | Z5: 167.6 | AA5: 173.1 | AB5: 170.9 | AC5: 169.7 | AD5: 175.3 | AE5: 44805 | AF5: =AVERAGE(D5:O5) -> 175.25833 | AG5: =((AF5-AF4)/AF4)*100 -> 0.48736203
A6: Rural+Urban | B6: 2022 | C6: October | D6: 165.2 | E6: 210.9 | F6: 170.9 | G6: 170.9 | H6: 186.5 | I6: 163.8 | J6: 199.7 | K6: 169.8 | L6: 121.9 | M6: 199.9 | N6: 169.9 | O6: 188.3 | P6: 179.6 | Q6: 196.3 | R6: 181.9 | S6: 175.3 | T6: 181 | U6: 171.2 | V6: 180.5 | W6: 170.4 | X6: 178.7 | Y6: 162.9 | Z6: 168.2 | AA6: 173.4 | AB6: 172.1 | AC6: 170.5 | AD6: 176.7 | AE6: 44835 | AF6: =AVERAGE(D6:O6) -> 176.475 | AG6: =((AF6-AF5)/AF5)*100 -> 0.6942133
A7: Rural+Urban | B7: 2022 | C7: November | D7: 167.4 | E7: 209.4 | F7: 181.4 | G7: 172.3 | H7: 188.9 | I7: 160.7 | J7: 183.1 | K7: 170.5 | L7: 122.1 | M7: 202.8 | N7: 170.4 | O7: 189.5 | P7: 178.3 | Q7: 196.9 | R7: 183.1 | S7: 176.2 | T7: 182.1 | U7: 171.8 | V7: 181.3 | W7: 171.4 | X7: 179.8 | Y7: 163 | Z7: 168.5 | AA7: 173.7 | AB7: 173.6 | AC7: 171.1 | AD7: 176.5 | AE7: 44866 | AF7: =AVERAGE(D7:O7) -> 176.54167 | AG7: =((AF7-AF6)/AF6)*100 -> 0.037776833
A8: Rural+Urban | B8: 2022 | C8: December | D8: 169.2 | E8: 209 | F8: 190.2 | G8: 173.6 | H8: 188.5 | I8: 158 | J8: 159.9 | K8: 170.8 | L8: 121.8 | M8: 205.2 | N8: 171 | O8: 190.3 | P8: 175.9 | Q8: 197.3 | R8: 184 | S8: 177 | T8: 183 | U8: 170.7 | V8: 182 | W8: 172.1 | X8: 181.1 | Y8: 163.4 | Z8: 168.9 | AA8: 174.1 | AB8: 175.8 | AC8: 172 | AD8: 175.7 | AE8: 44896 | AF8: =AVERAGE(D8:O8) -> 175.625 | AG8: =((AF8-AF7)/AF7)*100 -> -0.51923531
A9: Rural+Urban | B9: 2023 | C9: January | D9: 173.8 | E9: 210.7 | F9: 194.5 | G9: 174.6 | H9: 187.2 | I9: 158.3 | J9: 153.9 | K9: 170.9 | L9: 121.1 | M9: 208.4 | N9: 171.4 | O9: 191.2 | P9: 176.7 | Q9: 198.2 | R9: 184.9 | S9: 177.6 | T9: 183.8 | U9: 172.1 | V9: 182 | W9: 172.9 | X9: 182.3 | Y9: 163.6 | Z9: 169.5 | AA9: 174.3 | AB9: 178.6 | AC9: 172.8 | AD9: 176.5 | AE9: 44927 | AF9: =AVERAGE(D9:O9) -> 176.33333 | AG9: =((AF9-AF8)/AF8)*100 -> 0.40332147
A10: Rural+Urban | B10: 2023 | C10: February | D10: 174.4 | E10: 207.7 | F10: 175.2 | G10: 177.3 | H10: 179.3 | I10: 169.5 | J10: 152.7 | K10: 171 | L10: 120 | M10: 209.7 | N10: 172.3 | O10: 193 | P10: 177 | Q10: 199.5 | R10: 186.2 | S10: 178.7 | T10: 185.1 | U10: 173.5 | V10: 182.1 | W10: 174.2 | X10: 184.4 | Y10: 164.2 | Z10: 170.3 | AA10: 175 | AB10: 181 | AC10: 174.1 | AD10: 177.2 | AE10: 44958 | AF10: =AVERAGE(D10:O10) -> 175.175 | AG10: =((AF10-AF9)/AF9)*100 -> -0.65689981
A11: Rural+Urban | B11: 2023 | C11: March | D11: 174.4 | E11: 207.7 | F11: 175.2 | G11: 177.3 | H11: 179.2 | I11: 169.5 | J11: 152.8 | K11: 171.1 | L11: 120 | M11: 209.7 | N11: 172.3 | O11: 193 | P11: 177 | Q11: 199.5 | R11: 186.1 | S11: 178.7 | T11: 185.1 | U11: 173.5 | V11: 181.9 | W11: 174.2 | X11: 184.4 | Y11: 164.2 | Z11: 170.3 | AA11: 175 | AB11: 181 | AC11: 174.1 | AD11: 177.2 | AE11: 44986 | AF11: =AVERAGE(D11:O11) -> 175.18333 | AG11: =((AF11-AF10)/AF10)*100 -> 0.0047571476
A12: Rural+Urban | B12: 2023 | C12: April | D12: 173.8 | E12: 209.3 | F12: 169.6 | G12: 178.4 | H12: 174.9 | I12: 176.3 | J12: 155.4 | K12: 173.4 | L12: 121.3 | M12: 212.9 | N12: 172.9 | O12: 193.5 | P12: 177.9 | Q12: 200.6 | R12: 186.9 | S12: 179.2 | T12: 185.7 | U12: 175.2 | V12: 181.7 | W12: 174.6 | X12: 185 | Y12: 164.5 | Z12: 170.7 | AA12: 176.4 | AB12: 184 | AC12: 175 | AD12: 178.1 | AE12: 45017 | AF12: =AVERAGE(D12:O12) -> 175.975 | AG12: =((AF12-AF11)/AF11)*100 -> 0.45190753
A13: Rural+Urban | B13: 2023 | C13: May | D13: 173.7 | E13: 214.3 | F13: 173.2 | G13: 179.5 | H13: 170 | I13: 172.2 | J13: 161 | K13: 175.6 | L13: 122.7 | M13: 218 | N13: 173.4 | O13: 194.2 | P13: 179.1 | Q13: 201 | R13: 187.3 | S13: 179.7 | T13: 186.2 | U13: 175.6 | V13: 182.8 | W13: 175.2 | X13: 185.7 | Y13: 164.8 | Z13: 171.2 | AA13: 177.1 | AB13: 185.2 | AC13: 175.7 | AD13: 179.1 | AE13: 45047 | AF13: =AVERAGE(D13:O13) -> 177.31667 | AG13: =((AF13-AF12)/AF12)*100 -> 0.7624189
A15: Category | B15: Jun-22 | C15: May-23 | D15: Abs Change | J15: Highest Food MoM | K15: =MAX(AG2:AG13) -> 0.7624189 | L15: =INDEX(C2:C13,MATCH(K15,AG2:AG13,0)) -> May
A16: =D1 -> Cereals and products | B16: =D2 -> 155 | C16: =D13 -> 173.7 | D16: =C16-B16 -> 18.7 | J16: Lowest Food MoM | K16: =MIN(AG3:AG13) -> -0.65689981 | L16: =INDEX(C2:C13,MATCH(K16,AG2:AG13,0)) -> February
A17: =E1 -> Meat and fish | B17: =E2 -> 219.4 | C17: =E13 -> 214.3 | D17: =C17-B17 -> -5.1
A18: =F1 -> Egg | B18: =F2 -> 170.8 | C18: =F13 -> 173.2 | D18: =C18-B18 -> 2.4
A19: =G1 -> Milk and products | B19: =G2 -> 165.8 | C19: =G13 -> 179.5 | D19: =C19-B19 -> 13.7
A20: =H1 -> Oils and fats | B20: =H2 -> 200.9 | C20: =H13 -> 170 | D20: =C20-B20 -> -30.9
A21: =I1 -> Fruits | B21: =I2 -> 169.7 | C21: =I13 -> 172.2 | D21: =C21-B21 -> 2.5
A22: =J1 -> Vegetables | B22: =J2 -> 182.3 | C22: =J13 -> 161 | D22: =C22-B22 -> -21.3
A23: =K1 -> Pulses and products | B23: =K2 -> 164.3 | C23: =K13 -> 175.6 | D23: =C23-B23 -> 11.3
A24: =L1 -> Sugar and Confectionery | B24: =L2 -> 119.9 | C24: =L13 -> 122.7 | D24: =C24-B24 -> 2.8
A25: =M1 -> Spices | B25: =M2 -> 187.1 | C25: =M13 -> 218 | D25: =C25-B25 -> 30.9
A26: =N1 -> Non-alcoholic beverages | B26: =N2 -> 167.9 | C26: =N13 -> 173.4 | D26: =C26-B26 -> 5.5
A27: =O1 -> Prepared meals, snacks, sweets etc. | B27: =O2 -> 183.9 | C27: =O13 -> 194.2 | D27: =C27-B27 -> 10.3
A28: =A25 -> Spices | D28: =MAX(D16:D27) -> 30.9
A30: Biggest Induvidual Category Is Spices

Sheet  Q4_COVID_Impact
B1: Q4. COVID-19 Impact on Inflation
A2: Comparison of pre-COVID and post-COVID inflation using March 2020 as the first lockdown benchmark
A4: Sector | B4: Date | C4: Cereals and products | D4: Meat and fish | E4: Egg | F4: Milk and products | G4: Oils and fats | H4: Fruits | I4: Vegetables | J4: Pulses and products | K4: Sugar and Confectionery | L4: Spices | M4: Non-alcoholic beverages | N4: Prepared meals, snacks, sweets etc. | O4: Food and beverages | P4: Pan, tobacco and intoxicants | Q4: Clothing | R4: Footwear | S4: Clothing and footwear | T4: Housing | U4: Fuel and light | V4: Household goods and services | W4: Health | X4: Transport and communication | Y4: Recreation and amusement | Z4: Education | AA4: Personal care and effects | AB4: Miscellaneous | AC4: General index | AD4: Month NO. | AF4: Food Index | AG4: Food YoY % | AH4: Health YoY % | AI4: Essential Index | AJ4: Ess YoY % | AK4: General YoY %
A5: Rural+Urban | B5: 43525 | C5: 137.8 | D5: 153 | E5: 140.3 | F5: 142.3 | G5: 122 | H5: 137.6 | I5: 132.6 | J5: 121.8 | K5: 109 | L5: 139.5 | M5: 133.7 | N5: 155.2 | O5: 138.1 | P5: 163.5 | Q5: 147.9 | R5: 139.9 | S5: 146.7 | T5: 149 | U5: 139.7 | V5: 143.8 | W5: 146.2 | X5: 124.6 | Y5: 137.7 | Z5: 150.3 | AA5: 133.4 | AB5: 137.7 | AC5: 140.4 | AD5: 3 | AF5: =AVERAGE(C5:N5) -> 135.4 | AI5: =AVERAGE(T5:V5) -> 144.16667
A6: Rural+Urban | B6: 43586 | C6: 138.3 | D6: 158.5 | E6: 136 | F6: 142.5 | G6: 122 | H6: 146.5 | I6: 143 | J6: 124.9 | K6: 109.9 | L6: 139.9 | M6: 134 | N6: 155.5 | O6: 140.9 | P6: 164.1 | Q6: 148.4 | R6: 140.4 | S6: 147.3 | T6: 150.1 | U6: 140.3 | V6: 143.7 | W6: 146.9 | X6: 124.9 | Y6: 139.2 | Z6: 151.6 | AA6: 133.4 | AB6: 138.2 | AC6: 142 | AD6: 5 | AF6: =AVERAGE(C6:N6) -> 137.58333 | AI6: =AVERAGE(T6:V6) -> 144.7
A7: Rural+Urban | B7: 43617 | C7: 138.7 | D7: 162.1 | E7: 137.8 | F7: 143.3 | G7: 122.2 | H7: 146.8 | I7: 150.5 | J7: 128.3 | K7: 111 | L7: 140.6 | M7: 134.2 | N7: 155.9 | O7: 142.7 | P7: 164.9 | Q7: 148.6 | R7: 140.4 | S7: 147.4 | T7: 149.4 | U7: 141.2 | V7: 143.8 | W7: 147.4 | X7: 124.6 | Y7: 139.6 | Z7: 152.5 | AA7: 134.3 | AB7: 138.6 | AC7: 142.9 | AD7: 6 | AF7: =AVERAGE(C7:N7) -> 139.28333 | AI7: =AVERAGE(T7:V7) -> 144.8
A8: Rural+Urban | B8: 43647 | C8: 139.3 | D8: 162.7 | E8: 140 | F8: 144 | G8: 122.5 | H8: 150.3 | I8: 160.3 | J8: 130 | K8: 111.1 | L8: 141.7 | M8: 134.7 | N8: 156.2 | O8: 144.7 | P8: 165.2 | Q8: 148.9 | R8: 140.5 | S8: 147.6 | T8: 150.6 | U8: 139.3 | V8: 144.2 | W8: 147.9 | X8: 125.6 | Y8: 140.5 | Z8: 154 | AA8: 135.7 | AB8: 139.5 | AC8: 144.2 | AD8: 7 | AF8: =AVERAGE(C8:N8) -> 141.06667 | AI8: =AVERAGE(T8:V8) -> 144.7
A9: Rural+Urban | B9: 43678 | C9: 140.1 | D9: 160.6 | E9: 138.5 | F9: 144.7 | G9: 122.9 | H9: 149.4 | I9: 167.4 | J9: 130.9 | K9: 112 | L9: 142.6 | M9: 134.9 | N9: 156.6 | O9: 145.9 | P9: 165.8 | Q9: 149.1 | R9: 140.6 | S9: 147.9 | T9: 151.6 | U9: 138.5 | V9: 144.5 | W9: 148.5 | X9: 125.8 | Y9: 140.9 | Z9: 154.9 | AA9: 138.4 | AB9: 140.2 | AC9: 145 | AD9: 8 | AF9: =AVERAGE(C9:N9) -> 141.71667 | AI9: =AVERAGE(T9:V9) -> 144.86667
A10: Rural+Urban | B10: 43709 | C10: 140.9 | D10: 160.8 | E10: 139.6 | F10: 145.4 | G10: 123.5 | H10: 146.6 | I10: 173.2 | J10: 131.6 | K10: 113.2 | L10: 144.1 | M10: 135 | N10: 156.8 | O10: 147 | P10: 166.5 | Q10: 149.2 | R10: 140.6 | S10: 147.9 | T10: 152.2 | U10: 139.2 | V10: 144.6 | W10: 149 | X10: 126.1 | Y10: 141.3 | Z10: 155.2 | AA10: 139.7 | AB10: 140.7 | AC10: 145.8 | AD10: 9 | AF10: =AVERAGE(C10:N10) -> 142.55833 | AI10: =AVERAGE(T10:V10) -> 145.33333
A11: Rural+Urban | B11: 43739 | C11: 141.8 | D11: 161 | E11: 142.6 | F11: 146.2 | G11: 123.9 | H11: 148 | I11: 188.4 | J11: 132.5 | K11: 114 | L11: 145.4 | M11: 135.1 | N11: 157.1 | O11: 149.6 | P11: 167.1 | Q11: 149.4 | R11: 140.8 | S11: 148.2 | T11: 153 | U11: 140.6 | V11: 145 | W11: 149.4 | X11: 126.3 | Y11: 141.7 | Z11: 155.4 | AA11: 140 | AB11: 141 | AC11: 147.2 | AD11: 10 | AF11: =AVERAGE(C11:N11) -> 144.66667 | AI11: =AVERAGE(T11:V11) -> 146.2
A12: Rural+Urban | B12: 43770 | C12: 142.5 | D12: 163.2 | E12: 145.6 | F12: 146.7 | G12: 124.3 | H12: 147.4 | I12: 199.6 | J12: 135.7 | K12: 114.2 | L12: 147 | M12: 135.3 | N12: 157.5 | O12: 151.9 | P12: 167.9 | Q12: 149.9 | R12: 141 | S12: 148.6 | T12: 153.5 | U12: 142.3 | V12: 145.3 | W12: 149.9 | X12: 126.6 | Y12: 142.1 | Z12: 155.5 | AA12: 140.3 | AB12: 141.3 | AC12: 148.6 | AD12: 11 | AF12: =AVERAGE(C12:N12) -> 146.58333 | AI12: =AVERAGE(T12:V12) -> 147.03333
A13: Rural+Urban | B13: 43800 | C13: 143.5 | D13: 165 | E13: 151.1 | F13: 148.3 | G13: 125.7 | H13: 145.7 | I13: 217 | J13: 138.3 | K13: 114 | L13: 148.7 | M13: 135.8 | N13: 158 | O13: 155 | P13: 168.5 | Q13: 150.3 | R13: 141.3 | S13: 149 | T13: 152.8 | U13: 143.7 | V13: 145.8 | W13: 150.4 | X13: 129.8 | Y13: 142.3 | Z13: 155.7 | AA13: 140.4 | AB13: 142.5 | AC13: 150.4 | AD13: 12 | AF13: =AVERAGE(C13:N13) -> 149.25833 | AI13: =AVERAGE(T13:V13) -> 147.43333
A14: Rural+Urban | B14: 43831 | C14: 144.3 | D14: 167.4 | E14: 154.9 | F14: 150.1 | G14: 129.9 | H14: 143.2 | I14: 197 | J14: 140.4 | K14: 114.1 | L14: 150.9 | M14: 136.1 | N14: 158.6 | O14: 153.5 | P14: 169.2 | Q14: 150.5 | R14: 141.5 | S14: 149.2 | T14: 153.9 | U14: 144.6 | V14: 146.2 | W14: 151.2 | X14: 130.9 | Y14: 142.8 | Z14: 156.1 | AA14: 142.3 | AB14: 143.4 | AC14: 150.2 | AD14: 1 | AF14: =AVERAGE(C14:N14) -> 148.90833 | AI14: =AVERAGE(T14:V14) -> 148.23333
A15: Rural+Urban | B15: 43862 | C15: 144.8 | D15: 167.5 | E15: 151.8 | F15: 150.8 | G15: 131.4 | H15: 141.8 | I15: 170.7 | J15: 141.1 | K15: 113.6 | L15: 152 | M15: 136.5 | N15: 159.1 | O15: 150.5 | P15: 170.1 | Q15: 150.8 | R15: 141.7 | S15: 149.5 | T15: 154.8 | U15: 147.2 | V15: 146.4 | W15: 151.7 | X15: 130.3 | Y15: 143.2 | Z15: 156.2 | AA15: 143.4 | AB15: 143.6 | AC15: 149.1 | AD15: 2 | AF15: =AVERAGE(C15:N15) -> 146.75833 | AI15: =AVERAGE(T15:V15) -> 149.46667
A16: Rural+Urban | B16: 43891 | C16: 145.1 | D16: 167 | E16: 148.1 | F16: 151.5 | G16: 131.2 | H16: 142.5 | I16: 157.3 | J16: 141.1 | K16: 113.2 | L16: 153.2 | M16: 136.7 | N16: 159.6 | O16: 148.9 | P16: 171.2 | Q16: 151.2 | R16: 141.9 | S16: 149.8 | T16: 154.5 | U16: 148.9 | V16: 146.4 | W16: 152.3 | X16: 129.9 | Y16: 143.7 | Z16: 156.1 | AA16: 145.2 | AB16: 143.8 | AC16: 148.6 | AD16: 3 | AF16: =AVERAGE(C16:N16) -> 145.54167 | AI16: =AVERAGE(T16:V16) -> 149.93333
A17: Rural+Urban | B17: 43922 | C17: 148.7 | D17: 179.85 | E17: 148.8 | F17: 155.6 | G17: 135.1 | H17: 149.9 | I17: 168.6 | J17: 150.4 | K17: 120.3 | L17: 157.1 | M17: 136.8 | N17: 160.7 | O17: 151.4 | P17: 177.35 | Q17: 151.85 | R17: 143.15 | S17: 150.6 | T17: 155.6 | U17: 144.1 | V17: 146.4 | W17: 150.7 | X17: 132.45 | Y17: 146 | Z17: 156.25 | AA17: 148.4 | AB17: 145.4 | AC17: 150.2 | AD17: 4 | AF17: =AVERAGE(C17:N17) -> 150.9875 | AG17: =(AF17/AF5)-1 -> 0.11512186 | AH17: =(W17/W5)-1 -> 0.030779754 | AI17: =AVERAGE(T17:V17) -> 148.7 | AJ17: =(AI17/AI5)-1 -> 0.031445087 | AK17: =(AC17/AC5)-1 -> 0.06980057
A18: Rural+Urban | B18: 43952 | C18: 149.15 | D18: 186.28 | E18: 150.1 | F18: 154.45 | G18: 135.54 | H18: 148.19 | I18: 162.55 | J18: 150.65 | K18: 117.25 | L18: 156.4 | M18: 138.1 | N18: 161.25 | O18: 152.7 | P18: 180.43 | Q18: 152.18 | R18: 143.78 | S18: 151 | T18: 139.2 | U18: 143 | V18: 146.4 | W18: 152.55 | X18: 133.73 | Y18: 147.15 | Z18: 156.33 | AA18: 150 | AB18: 146.2 | AC18: 151 | AD18: 5 | AF18: =AVERAGE(C18:N18) -> 150.82583 | AG18: =(AF18/AF6)-1 -> 0.096250757 | AH18: =(W18/W6)-1 -> 0.038461538 | AI18: =AVERAGE(T18:V18) -> 142.86667 | AJ18: =(AI18/AI6)-1 -> -0.012669892 | AK18: =(AC18/AC6)-1 -> 0.063380282
A19: Rural+Urban | B19: 43983 | C19: 149.6 | D19: 192.7 | E19: 151.4 | F19: 153.3 | G19: 136.3 | H19: 147.2 | I19: 156.5 | J19: 150.9 | K19: 114.2 | L19: 159.5 | M19: 139.4 | N19: 161.8 | O19: 154 | P19: 183.5 | Q19: 152.5 | R19: 144.4 | S19: 151.4 | T19: 154.7 | U19: 141.9 | V19: 146.4 | W19: 154.4 | X19: 135 | Y19: 148.3 | Z19: 156.4 | AA19: 151.6 | AB19: 147 | AC19: 151.8 | AD19: 6 | AF19: =AVERAGE(C19:N19) -> 151.06667 | AG19: =(AF19/AF7)-1 -> 0.084599737 | AH19: =(W19/W7)-1 -> 0.047489824 | AI19: =AVERAGE(T19:V19) -> 147.66667 | AJ19: =(AI19/AI7)-1 -> 0.019797422 | AK19: =(AC19/AC7)-1 -> 0.062281316
A20: Rural+Urban | B20: 44013 | C20: 149.6 | D20: 192.7 | E20: 151.4 | F20: 153.3 | G20: 136.3 | H20: 147.2 | I20: 156.5 | J20: 150.9 | K20: 114.2 | L20: 159.5 | M20: 139.4 | N20: 161.8 | O20: 154 | P20: 183.5 | Q20: 152.5 | R20: 144.4 | S20: 151.4 | T20: 154.7 | U20: 141.9 | V20: 146.4 | W20: 154.4 | X20: 135 | Y20: 148.3 | Z20: 156.4 | AA20: 151.6 | AB20: 147 | AC20: 151.8 | AD20: 7 | AF20: =AVERAGE(C20:N20) -> 151.06667 | AG20: =(AF20/AF8)-1 -> 0.070888469 | AH20: =(W20/W8)-1 -> 0.043948614 | AI20: =AVERAGE(T20:V20) -> 147.66667 | AJ20: =(AI20/AI8)-1 -> 0.020502188 | AK20: =(AC20/AC8)-1 -> 0.052704577
A21: Rural+Urban | B21: 44044 | C21: 148.9 | D21: 190.9 | E21: 150.8 | F21: 153.3 | G21: 137.4 | H21: 150.4 | I21: 178.1 | J21: 150.4 | K21: 115.1 | L21: 160 | M21: 140.6 | N21: 162.3 | O21: 157 | P21: 182.6 | Q21: 153.1 | R21: 143.4 | S21: 151.7 | T21: 155.5 | U21: 143 | V21: 148.4 | W21: 155 | X21: 138.5 | Y21: 146 | Z21: 158.5 | AA21: 154.3 | AB21: 149 | AC21: 153.9 | AD21: 8 | AF21: =AVERAGE(C21:N21) -> 153.18333 | AG21: =(AF21/AF9)-1 -> 0.080912619 | AH21: =(W21/W9)-1 -> 0.043771044 | AI21: =AVERAGE(T21:V21) -> 148.96667 | AJ21: =(AI21/AI9)-1 -> 0.028301887 | AK21: =(AC21/AC9)-1 -> 0.06137931
A22: Rural+Urban | B22: 44075 | C22: 148.4 | D22: 187.1 | E22: 152.5 | F22: 153.6 | G22: 138.2 | H22: 150.9 | I22: 186.7 | J22: 149.8 | K22: 116.4 | L22: 160.3 | M22: 142.2 | N22: 162.9 | O22: 158 | P22: 184.4 | Q22: 153.4 | R22: 144.3 | S22: 152 | T22: 156.3 | U22: 142.9 | V22: 148.7 | W22: 155.6 | X22: 139.6 | Y22: 146.6 | Z22: 157.5 | AA22: 158.4 | AB22: 150 | AC22: 154.7 | AD22: 9 | AF22: =AVERAGE(C22:N22) -> 154.08333 | AG22: =(AF22/AF10)-1 -> 0.080844099 | AH22: =(W22/W10)-1 -> 0.044295302 | AI22: =AVERAGE(T22:V22) -> 149.3 | AJ22: =(AI22/AI10)-1 -> 0.027293578 | AK22: =(AC22/AC10)-1 -> 0.061042524
A23: Rural+Urban | B23: 44105 | C23: 147.5 | D23: 188.9 | E23: 161.4 | F23: 153.6 | G23: 140.1 | H23: 151.2 | I23: 209.2 | J23: 150.9 | K23: 116.2 | L23: 161 | M23: 144 | N23: 163.2 | O23: 161.4 | P23: 184.3 | Q23: 153.7 | R23: 144.6 | S23: 152.3 | T23: 156.5 | U23: 143.1 | V23: 148.7 | W23: 156.3 | X23: 140.6 | Y23: 146.5 | Z23: 158.5 | AA23: 157 | AB23: 150.4 | AC23: 156.4 | AD23: 10 | AF23: =AVERAGE(C23:N23) -> 157.26667 | AG23: =(AF23/AF11)-1 -> 0.087096774 | AH23: =(W23/W11)-1 -> 0.046184739 | AI23: =AVERAGE(T23:V23) -> 149.43333 | AJ23: =(AI23/AI11)-1 -> 0.022115823 | AK23: =(AC23/AC11)-1 -> 0.0625
A24: Rural+Urban | B24: 44136 | C24: 146.8 | D24: 191 | E24: 173.6 | F24: 153.8 | G24: 142.7 | H24: 148.4 | I24: 230 | J24: 156.8 | K24: 115.7 | L24: 161.8 | M24: 146.5 | N24: 163.8 | O24: 164.7 | P24: 184.8 | Q24: 154.3 | R24: 144.9 | S24: 152.8 | T24: 158 | U24: 143.6 | V24: 149.2 | W24: 157.2 | X24: 140.4 | Y24: 148.4 | Z24: 158.6 | AA24: 156.9 | AB24: 150.7 | AC24: 158.4 | AD24: 11 | AF24: =AVERAGE(C24:N24) -> 160.90833 | AG24: =(AF24/AF12)-1 -> 0.097725981 | AH24: =(W24/W12)-1 -> 0.048699133 | AI24: =AVERAGE(T24:V24) -> 150.26667 | AJ24: =(AI24/AI12)-1 -> 0.021990478 | AK24: =(AC24/AC12)-1 -> 0.065948856
A25: Rural+Urban | B25: 44166 | C25: 146 | D25: 191 | E25: 175.3 | F25: 154.1 | G25: 146.6 | H25: 147.7 | I25: 230.5 | J25: 160.2 | K25: 115.3 | L25: 163 | M25: 149.2 | N25: 164.8 | O25: 165.4 | P25: 185.4 | Q25: 155 | R25: 145.4 | S25: 153.6 | T25: 158.4 | U25: 144.6 | V25: 149.7 | W25: 158.3 | X25: 140.7 | Y25: 148.5 | Z25: 159.4 | AA25: 157.1 | AB25: 151.2 | AC25: 158.9 | AD25: 12 | AF25: =AVERAGE(C25:N25) -> 161.975 | AG25: =(AF25/AF13)-1 -> 0.08519904 | AH25: =(W25/W13)-1 -> 0.052526596 | AI25: =AVERAGE(T25:V25) -> 150.9 | AJ25: =(AI25/AI13)-1 -> 0.023513452 | AK25: =(AC25/AC13)-1 -> 0.056515957
A26: Rural+Urban | B26: 44197 | C26: 144.9 | D26: 190.1 | E26: 175.3 | F26: 154.1 | G26: 150.9 | H26: 149.6 | I26: 194.2 | J26: 160.4 | K26: 114.6 | L26: 164 | M26: 151.8 | N26: 165.6 | O26: 161 | P26: 186.5 | Q26: 155.5 | R26: 146.1 | S26: 154.2 | T26: 157.7 | U26: 147.9 | V26: 150 | W26: 159.3 | X26: 141.9 | Y26: 149.6 | Z26: 159.2 | AA26: 156.8 | AB26: 151.9 | AC26: 157.3 | AD26: 1 | AF26: =AVERAGE(C26:N26) -> 159.625 | AG26: =(AF26/AF14)-1 -> 0.071968213 | AH26: =(W26/W14)-1 -> 0.053571429 | AI26: =AVERAGE(T26:V26) -> 151.86667 | AJ26: =(AI26/AI14)-1 -> 0.024510906 | AK26: =(AC26/AC14)-1 -> 0.047270306
A27: Rural+Urban | B27: 44228 | C27: 144.3 | D27: 186.5 | E27: 168.7 | F27: 154.7 | G27: 158.7 | H27: 150.7 | I27: 160 | J27: 158.8 | K27: 112.8 | L27: 164.2 | M27: 155.5 | N27: 167.5 | O27: 156.9 | P27: 188.3 | Q27: 157.2 | R27: 147.4 | S27: 155.8 | T27: 159.8 | U27: 152.4 | V27: 150.9 | W27: 161.3 | X27: 145.1 | Y27: 151.5 | Z27: 159.5 | AA27: 155.8 | AB27: 153.4 | AC27: 156.6 | AD27: 2 | AF27: =AVERAGE(C27:N27) -> 156.86667 | AG27: =(AF27/AF15)-1 -> 0.068877406 | AH27: =(W27/W15)-1 -> 0.063282795 | AI27: =AVERAGE(T27:V27) -> 154.36667 | AJ27: =(AI27/AI15)-1 -> 0.032783229 | AK27: =(AC27/AC15)-1 -> 0.050301811
A28: Rural+Urban | B28: 44256 | C28: 144.1 | D28: 192.2 | E28: 163.8 | F28: 154.9 | G28: 163.9 | H28: 153.7 | I28: 149.5 | J28: 159.8 | K28: 112.6 | L28: 163.5 | M28: 156.5 | N28: 168.2 | O28: 156.7 | P28: 188.1 | Q28: 157.8 | R28: 147.9 | S28: 156.4 | T28: 159.9 | U28: 155.5 | V28: 151.2 | W28: 161.7 | X28: 146.2 | Y28: 152.6 | Z28: 160.2 | AA28: 153.8 | AB28: 153.8 | AC28: 156.8 | AD28: 3 | AF28: =AVERAGE(C28:N28) -> 156.89167 | AG28: =(AF28/AF16)-1 -> 0.077984541 | AH28: =(W28/W16)-1 -> 0.061720289 | AI28: =AVERAGE(T28:V28) -> 155.53333 | AJ28: =(AI28/AI16)-1 -> 0.037349933 | AK28: =(AC28/AC16)-1 -> 0.055181696
AF30: Category | AG30: Pre-COVID Avg | AH30: Post_COVID avg | AI30: Inflation
AF31: General CPI | AG31: 146.2 | AH31: 154.81667 | AI31: 8.6166667
AF32: Food | AG32: 143.27708 | AH32: 155.39556 | AI32: 12.118472
AF33: Health | AG33: 149.23333 | AH33: 155.51818 | AI33: 6.2848485
AF34: Essential services | AG34: 146.40556 | AH34: 149.79444 | AI34: 3.3888889
F35: Category | G35: Pre-COVID Avg | H35: Post_COVID avg | I35: Inflation
F36: General CPI | G36: =AVERAGE(AC5:AC16) -> 146.2 | H36: =AVERAGE(AC17:AC28) -> 154.81667 | I36: =H36-G36 -> 8.6166667
F37: Food | G37: =AVERAGE(AF5:AF16) -> 143.27708 | H37: =AVERAGE(AF17:AF28) -> 155.39556 | I37: =H37-G37 -> 12.118472
F38: Health | G38: =AVERAGE(W5:W16) -> 149.23333 | H38: =AVERAGE(T18:T28) -> 155.51818 | I38: =H38-G38 -> 6.2848485
F39: Essential services | G39: =AVERAGE(AI5:AI16) -> 146.40556 | H39: =AVERAGE(AI17:AI28) -> 149.79444 | I39: =H39-G39 -> 3.3888889

Sheet  Q5_Oil_linkage
A1: Fuel and Light MoM inflation is used as a proxy for oil-price fluctuations because the workbook does not contain a separate crude oil series.
A4: Sector | B4: Year | C4: Month | D4: Cereals and products | E4: Meat and fish | F4: Egg | G4: Milk and products | H4: Oils and fats | I4: Fruits | J4: Vegetables | K4: Pulses and products | L4: Sugar and Confectionery | M4: Spices | N4: Non-alcoholic beverages | O4: Prepared meals, snacks, sweets etc. | P4: Food and beverages | Q4: Pan, tobacco and intoxicants | R4: Clothing | S4: Footwear | T4: Clothing and footwear | U4: Housing | V4: Fuel and light | W4: Household goods and services | X4: Health | Y4: Transport and communication | Z4: Recreation and amusement | AA4: Education | AB4: Personal care and effects | AC4: Miscellaneous | AD4: General index | AE4: Month NO. | AF4: Date | AG4: Fuel_MoM% | AH4: Food_MoM% | AI4: Transport_MoM% | AJ4: Clothing_MoM% | AK4: Health_MoM% | AL4: General_MoM%
A5: Rural+Urban | B5: 2021 | C5: January | D5: 144.9 | E5: 190.1 | F5: 175.3 | G5: 154.1 | H5: 150.9 | I5: 149.6 | J5: 194.2 | K5: 160.4 | L5: 114.6 | M5: 164 | N5: 151.8 | O5: 165.6 | P5: 161 | Q5: 186.5 | R5: 155.5 | S5: 146.1 | T5: 154.2 | U5: 157.7 | V5: 147.9 | W5: 150 | X5: 159.3 | Y5: 141.9 | Z5: 149.6 | AA5: 159.2 | AB5: 156.8 | AC5: 151.9 | AD5: 157.3 | AE5: 1 | AF5: 44197
A6: Rural+Urban | B6: 2021 | C6: February | D6: 144.3 | E6: 186.5 | F6: 168.7 | G6: 154.7 | H6: 158.7 | I6: 150.7 | J6: 160 | K6: 158.8 | L6: 112.8 | M6: 164.2 | N6: 155.5 | O6: 167.5 | P6: 156.9 | Q6: 188.3 | R6: 157.2 | S6: 147.4 | T6: 155.8 | U6: 159.8 | V6: 152.4 | W6: 150.9 | X6: 161.3 | Y6: 145.1 | Z6: 151.5 | AA6: 159.5 | AB6: 155.8 | AC6: 153.4 | AD6: 156.6 | AE6: 2 | AF6: 44228 | AG6: =(V6/V5)-1 -> 0.030425963 | AH6: =(P6/P5)-1 -> -0.025465839 | AI6: =(Y6/Y5)-1 -> 0.022551092 | AJ6: =(T6/T5)-1 -> 0.010376135 | AK6: =(X6/X5)-1 -> 0.012554928 | AL6: =(AD6/AD5)-1 -> -0.0044500954
A7: Rural+Urban | B7: 2021 | C7: March | D7: 144.1 | E7: 192.2 | F7: 163.8 | G7: 154.9 | H7: 163.9 | I7: 153.7 | J7: 149.5 | K7: 159.8 | L7: 112.6 | M7: 163.5 | N7: 156.5 | O7: 168.2 | P7: 156.7 | Q7: 188.1 | R7: 157.8 | S7: 147.9 | T7: 156.4 | U7: 159.9 | V7: 155.5 | W7: 151.2 | X7: 161.7 | Y7: 146.2 | Z7: 152.6 | AA7: 160.2 | AB7: 153.8 | AC7: 153.8 | AD7: 156.8 | AE7: 3 | AF7: 44256 | AG7: =(V7/V6)-1 -> 0.020341207 | AH7: =(P7/P6)-1 -> -0.0012746973 | AI7: =(Y7/Y6)-1 -> 0.0075809786 | AJ7: =(T7/T6)-1 -> 0.0038510911 | AK7: =(X7/X6)-1 -> 0.0024798512 | AL7: =(AD7/AD6)-1 -> 0.0012771392
A8: Rural+Urban | B8: 2021 | C8: April | D8: 144.3 | E8: 198 | F8: 164.6 | G8: 155.4 | H8: 170.1 | I8: 164.4 | J8: 144.1 | K8: 161.7 | L8: 113.1 | M8: 163.9 | N8: 157.6 | O8: 168.9 | P8: 158 | Q8: 188.8 | R8: 158.8 | S8: 148.5 | T8: 157.3 | U8: 161.4 | V8: 155.6 | W8: 151.8 | X8: 162.3 | Y8: 146.6 | Z8: 153.2 | AA8: 160.3 | AB8: 155.4 | AC8: 154.4 | AD8: 157.8 | AE8: 4 | AF8: 44287 | AG8: =(V8/V7)-1 -> 0.00064308682 | AH8: =(P8/P7)-1 -> 0.0082961072 | AI8: =(Y8/Y7)-1 -> 0.0027359781 | AJ8: =(T8/T7)-1 -> 0.0057544757 | AK8: =(X8/X7)-1 -> 0.0037105751 | AL8: =(AD8/AD7)-1 -> 0.006377551
A9: Rural+Urban | B9: 2021 | C9: May | D9: 146.3 | E9: 200.5 | F9: 170.3 | G9: 156.1 | H9: 178.7 | I9: 167.1 | J9: 147.9 | K9: 165.4 | L9: 114.8 | M9: 168.2 | N9: 159.3 | O9: 170.4 | P9: 160.7 | Q9: 191.9 | R9: 161.8 | S9: 152.1 | T9: 160.4 | U9: 161.6 | V9: 159.4 | W9: 154.7 | X9: 165.8 | Y9: 148.9 | Z9: 155.8 | AA9: 161.2 | AB9: 158.6 | AC9: 156.8 | AD9: 160.4 | AE9: 5 | AF9: 44317 | AG9: =(V9/V8)-1 -> 0.024421594 | AH9: =(P9/P8)-1 -> 0.017088608 | AI9: =(Y9/Y8)-1 -> 0.01568895 | AJ9: =(T9/T8)-1 -> 0.019707565 | AK9: =(X9/X8)-1 -> 0.021565003 | AL9: =(AD9/AD8)-1 -> 0.016476553
A10: Rural+Urban | B10: 2021 | C10: June | D10: 146.7 | E10: 202 | F10: 180.7 | G10: 156.2 | H10: 183.7 | I10: 164.6 | J10: 155.4 | K10: 166 | L10: 115.1 | M10: 168.5 | N10: 160 | O10: 172.4 | P10: 162.6 | Q10: 190.8 | R10: 162.2 | S10: 151.8 | T10: 160.7 | U10: 160.5 | V10: 159.8 | W10: 154.8 | X10: 166.3 | Y10: 150.7 | Z10: 154.9 | AA10: 161.7 | AB10: 158.8 | AC10: 157.6 | AD10: 161.3 | AE10: 6 | AF10: 44348 | AG10: =(V10/V9)-1 -> 0.0025094103 | AH10: =(P10/P9)-1 -> 0.011823273 | AI10: =(Y10/Y9)-1 -> 0.01208865 | AJ10: =(T10/T9)-1 -> 0.0018703242 | AK10: =(X10/X9)-1 -> 0.0030156815 | AL10: =(AD10/AD9)-1 -> 0.0056109726
A11: Rural+Urban | B11: 2021 | C11: July | D11: 146.4 | E11: 206.8 | F11: 182.2 | G11: 157.5 | H11: 182.1 | I11: 163.9 | J11: 164.2 | K11: 164 | L11: 114.5 | M11: 168.3 | N11: 160.9 | O11: 172.2 | P11: 164 | Q11: 191.2 | R11: 162.8 | S11: 153.1 | T11: 161.4 | U11: 161.5 | V11: 160.7 | W11: 155.8 | X11: 167 | Y11: 153.1 | Z11: 155.3 | AA11: 163.2 | AB11: 160.1 | AC11: 159 | AD11: 162.5 | AE11: 7 | AF11: 44378 | AG11: =(V11/V10)-1 -> 0.0056320401 | AH11: =(P11/P10)-1 -> 0.0086100861 | AI11: =(Y11/Y10)-1 -> 0.01592568 | AJ11: =(T11/T10)-1 -> 0.0043559428 | AK11: =(X11/X10)-1 -> 0.0042092604 | AL11: =(AD11/AD10)-1 -> 0.0074395536
A12: Rural+Urban | B12: 2021 | C12: August | D12: 146.6 | E12: 204 | F12: 172.8 | G12: 158.4 | H12: 188 | I12: 156.8 | J12: 162.2 | K12: 164.1 | L12: 119.7 | M12: 168.8 | N12: 162.7 | O12: 173.9 | P12: 164 | Q12: 192.1 | R12: 164.5 | S12: 155.3 | T12: 163.2 | U12: 162.1 | V12: 162.6 | W12: 157.5 | X12: 168.4 | Y12: 154 | Z12: 157.6 | AA12: 163.8 | AB12: 160 | AC12: 160 | AD12: 163.2 | AE12: 8 | AF12: 44409 | AG12: =(V12/V11)-1 -> 0.011823273 | AH12: =(P12/P11)-1 -> 0 | AI12: =(Y12/Y11)-1 -> 0.0058785108 | AJ12: =(T12/T11)-1 -> 0.011152416 | AK12: =(X12/X11)-1 -> 0.0083832335 | AL12: =(AD12/AD11)-1 -> 0.0043076923
A13: Rural+Urban | B13: 2021 | C13: September | D13: 146.6 | E13: 204 | F13: 172.8 | G13: 158.4 | H13: 188 | I13: 156.7 | J13: 162.3 | K13: 164.1 | L13: 119.7 | M13: 168.8 | N13: 162.7 | O13: 173.9 | P13: 164 | Q13: 192.1 | R13: 164.6 | S13: 155.3 | T13: 163.3 | U13: 162.1 | V13: 162.6 | W13: 157.5 | X13: 168.4 | Y13: 154 | Z13: 157.7 | AA13: 163.7 | AB13: 160 | AC13: 160 | AD13: 163.2 | AE13: 9 | AF13: 44440 | AG13: =(V13/V12)-1 -> 0 | AH13: =(P13/P12)-1 -> 0 | AI13: =(Y13/Y12)-1 -> 0 | AJ13: =(T13/T12)-1 -> 0.0006127451 | AK13: =(X13/X12)-1 -> 0 | AL13: =(AD13/AD12)-1 -> 0
A14: Rural+Urban | B14: 2021 | C14: October | D14: 147.4 | E14: 204.6 | F14: 171.2 | G14: 158.7 | H14: 190.6 | I14: 155.7 | J14: 185.3 | K14: 165.2 | L14: 121.9 | M14: 169.3 | N14: 163.2 | O14: 174.7 | P14: 167.7 | Q14: 192.7 | R14: 165.7 | S14: 156.3 | T14: 164.3 | U14: 163.6 | V14: 164.2 | W14: 158.4 | X14: 169.1 | Y14: 155.7 | Z14: 158.6 | AA14: 163.9 | AB14: 160.8 | AC14: 161 | AD14: 165.5 | AE14: 10 | AF14: 44470 | AG14: =(V14/V13)-1 -> 0.0098400984 | AH14: =(P14/P13)-1 -> 0.022560976 | AI14: =(Y14/Y13)-1 -> 0.011038961 | AJ14: =(T14/T13)-1 -> 0.0061236987 | AK14: =(X14/X13)-1 -> 0.0041567696 | AL14: =(AD14/AD13)-1 -> 0.014093137
A15: Rural+Urban | B15: 2021 | C15: November | D15: 148.2 | E15: 201.6 | F15: 173 | G15: 159.3 | H15: 190.1 | I15: 156.5 | J15: 199.2 | K15: 165.3 | L15: 122.4 | M15: 169.6 | N15: 163.7 | O15: 175.5 | P15: 169.7 | Q15: 192.9 | R15: 167.2 | S15: 157.4 | T15: 165.8 | U15: 164.2 | V15: 163.9 | W15: 159.3 | X15: 169.9 | Y15: 154.8 | Z15: 159.8 | AA15: 164.3 | AB15: 162.2 | AC15: 161.4 | AD15: 166.7 | AE15: 11 | AF15: 44501 | AG15: =(V15/V14)-1 -> -0.0018270402 | AH15: =(P15/P14)-1 -> 0.011926058 | AI15: =(Y15/Y14)-1 -> -0.0057803468 | AJ15: =(T15/T14)-1 -> 0.0091296409 | AK15: =(X15/X14)-1 -> 0.0047309284 | AL15: =(AD15/AD14)-1 -> 0.0072507553
A16: Rural+Urban | B16: 2021 | C16: December | D16: 148.7 | E16: 198.8 | F16: 177.9 | G16: 159.9 | H16: 187.6 | I16: 154.9 | J16: 188.3 | K16: 164.4 | L16: 121 | M16: 170.5 | N16: 164.2 | O16: 176.5 | P16: 168.2 | Q16: 192.4 | R16: 168.5 | S16: 158.7 | T16: 167 | U16: 163.4 | V16: 164.1 | W16: 160.2 | X16: 170.6 | Y16: 155.7 | Z16: 160.6 | AA16: 164.4 | AB16: 162.6 | AC16: 162 | AD16: 166.2 | AE16: 12 | AF16: 44531 | AG16: =(V16/V15)-1 -> 0.0012202563 | AH16: =(P16/P15)-1 -> -0.0088391279 | AI16: =(Y16/Y15)-1 -> 0.0058139535 | AJ16: =(T16/T15)-1 -> 0.0072376357 | AK16: =(X16/X15)-1 -> 0.0041200706 | AL16: =(AD16/AD15)-1 -> -0.0029994001
A17: Rural+Urban | B17: 2022 | C17: January | D17: 149.5 | E17: 198.7 | F17: 178.8 | G17: 160.5 | H17: 184.7 | I17: 153.7 | J17: 174.3 | K17: 163.9 | L17: 120 | M17: 172.1 | N17: 164.3 | O17: 177.3 | P17: 166.4 | Q17: 192.2 | R17: 169.9 | S17: 160.7 | T17: 168.5 | U17: 164.5 | V17: 164.2 | W17: 161.1 | X17: 171.4 | Y17: 156.5 | Z17: 161.2 | AA17: 164.7 | AB17: 163 | AC17: 162.7 | AD17: 165.7 | AE17: 1 | AF17: 44562 | AG17: =(V17/V16)-1 -> 0.00060938452 | AH17: =(P17/P16)-1 -> -0.010701546 | AI17: =(Y17/Y16)-1 -> 0.0051380861 | AJ17: =(T17/T16)-1 -> 0.0089820359 | AK17: =(X17/X16)-1 -> 0.0046893318 | AL17: =(AD17/AD16)-1 -> -0.0030084236
... A33: Rural+Urban | B33: 2023 | C33: May | D33: 173.7 | E33: 214.3 | F33: 173.2 | G33: 179.5 | H33: 170 | I33: 172.2 | J33: 161 | K33: 175.6 | L33: 122.7 | M33: 218 | N33: 173.4 | O33: 194.2 | P33: 179.1 | Q33: 201 | R33: 187.3 | S33: 179.7 | T33: 186.2 | U33: 175.6 | V33: 182.8 | W33: 175.2 | X33: 185.7 | Y33: 164.8 | Z33: 171.2 | AA33: 177.1 | AB33: 185.2 | AC33: 175.7 | AD33: 179.1 | AE33: 5 | AF33: 45047 | AG33: =(V33/V32)-1 -> 0.0060539351 | AH33: =(P33/P32)-1 -> 0.0067453626 | AI33: =(Y33/Y32)-1 -> 0.0018237082 | AJ33: =(T33/T32)-1 -> 0.0026925148 | AK33: =(X33/X32)-1 -> 0.0037837838 | AL33: =(AD33/AD32)-1 -> 0.0056148231
F35: Category | G35: Corr_fuel_MoM
F36: Food MoM | G36: =CORREL(AG6:AG33,AH6:AH33) -> -0.041228945
F37: General MoM | G37: =CORREL(AG3:AG30,AL3:AL30) -> 0.26303061
F38: Health MoM | G38: =CORREL(AG5:AG32,AK5:AK32) -> 0.46822539
F39: Clothing MoM | G39: =CORREL(AG7:AG34,AJ7:AJ34) -> 0.53195368
F40: Transport MoM | G40: =CORREL(AG9:AG36,AI9:AI36) -> 0.60416477
